game_id,status,home_goal,away_goal,home_ht_goal,away_ht_goal,home_corners,away_corners,home_yellow,away_yellow,home_red,away_red
2789210,FT,1.0,0.0,1.0,0.0,5.0,6.0,1,4,0,0
2789209,FT,1.0,0.0,1.0,0.0,4.0,3.0,0,0,0,0
2789218,FT,2.0,3.0,2.0,2.0,4.0,3.0,1,0,0,0
2789211,FT,2.0,0.0,2.0,0.0,6.0,4.0,3,1,0,0
2789214,FT,0.0,3.0,0.0,2.0,9.0,8.0,2,0,0,0
2804388,FT,1.0,1.0,0.0,1.0,5.0,4.0,3,2,0,0
2804391,FT,2.0,1.0,2.0,1.0,12.0,4.0,3,3,0,1
2804389,HT,2.0,1.0,2.0,1.0,3.0,0.0,0,2,0,0
2804390,,,,,,,,0,0,0,0
2784559,FT,2.0,1.0,0.0,1.0,9.0,1.0,2,2,0,0
2784558,FT,0.0,1.0,0.0,1.0,6.0,6.0,3,2,0,0
2784561,FT,2.0,2.0,1.0,0.0,3.0,2.0,3,4,0,0
2784553,2nd Half,0.0,2.0,0.0,1.0,4.0,5.0,2,1,0,0
2784554,,,,,,,,0,0,0,0
2799471,FT,2.0,0.0,1.0,0.0,2.0,3.0,1,2,0,1
2799477,FT,2.0,1.0,1.0,1.0,7.0,5.0,3,2,0,0
2800095,FT,6.0,1.0,2.0,0.0,7.0,8.0,3,2,0,0
2800099,FT,1.0,2.0,0.0,2.0,7.0,3.0,5,2,0,0
2800091,FT,2.0,0.0,1.0,0.0,1.0,6.0,1,0,0,0
2800092,FT,0.0,1.0,0.0,0.0,13.0,5.0,2,2,0,0
2800096,,,,,,,,0,0,0,0
2826233,FT,1.0,3.0,0.0,1.0,8.0,4.0,6,3,2,0
2826234,FT,1.0,0.0,0.0,0.0,5.0,1.0,2,3,0,1
2884264,FT,2.0,1.0,1.0,0.0,1.0,7.0,5,2,0,0
2884266,FT,0.0,1.0,0.0,1.0,7.0,1.0,1,3,0,0
2884265,FT,2.0,1.0,2.0,1.0,3.0,7.0,4,3,0,0
2859765,FT,2.0,0.0,1.0,0.0,6.0,10.0,2,0,0,0
2859770,FT,2.0,1.0,0.0,0.0,11.0,1.0,0,4,0,0
2859771,FT,0.0,0.0,0.0,0.0,0.0,0.0,0,0,0,1
2859768,FT,1.0,1.0,0.0,1.0,0.0,0.0,0,0,0,0
2859773,FT,2.0,0.0,1.0,0.0,4.0,4.0,3,3,0,0
2859774,FT,2.0,0.0,2.0,0.0,0.0,0.0,1,0,0,0
2858916,FT,2.0,1.0,1.0,1.0,9.0,3.0,3,1,0,0
2858918,FT,3.0,1.0,1.0,1.0,4.0,8.0,3,2,0,1
2858917,FT,4.0,3.0,2.0,1.0,6.0,5.0,0,1,0,0
2858919,FT,2.0,3.0,2.0,2.0,4.0,6.0,1,1,0,0
2822335,FT,2.0,2.0,1.0,0.0,8.0,3.0,2,2,1,0
2822336,FT,0.0,0.0,0.0,0.0,7.0,4.0,1,2,0,0
2799799,FT,1.0,1.0,1.0,0.0,4.0,8.0,3,3,0,0
2799795,FT,0.0,3.0,0.0,2.0,2.0,5.0,2,5,1,0
2799800,FT,2.0,0.0,0.0,0.0,2.0,5.0,1,4,0,0
2807740,FT,4.0,1.0,1.0,0.0,2.0,7.0,2,3,1,0
2807737,HT,1.0,0.0,1.0,0.0,2.0,5.0,0,0,1,0
2807732,HT,0.0,0.0,0.0,0.0,3.0,1.0,1,1,0,0
2807735,,,,,,,,0,0,0,0
2839487,FT,2.0,2.0,1.0,1.0,2.0,3.0,2,2,0,0
2839481,FT,1.0,0.0,0.0,0.0,3.0,2.0,2,5,0,0
2791811,FT,0.0,1.0,0.0,1.0,1.0,5.0,2,1,0,0
2791807,FT,1.0,1.0,0.0,1.0,0.0,3.0,0,1,0,0
2791812,HT,1.0,1.0,1.0,1.0,1.0,1.0,1,1,0,0
2791808,1st Half,0.0,0.0,,,,,0,1,0,0
2791548,FT,3.0,1.0,1.0,1.0,5.0,9.0,4,1,0,0
2791545,FT,1.0,2.0,0.0,1.0,6.0,3.0,0,2,0,0
2791550,FT,3.0,1.0,1.0,1.0,10.0,2.0,1,2,0,0
2814800,FT,2.0,0.0,1.0,0.0,5.0,4.0,1,2,0,0
2814798,FT,1.0,1.0,0.0,1.0,6.0,5.0,3,3,0,0
2814803,1st Half,0.0,1.0,,,,,1,0,0,0
2814797,,,,,,,,0,0,0,0
2790790,FT,2.0,3.0,1.0,0.0,6.0,1.0,0,2,0,0
2790791,FT,2.0,3.0,0.0,1.0,3.0,5.0,0,1,0,0
2790793,FT,4.0,1.0,2.0,0.0,8.0,2.0,0,1,0,0
2790792,,,,,,,,0,0,0,0
2793387,FT,1.0,1.0,1.0,0.0,3.0,8.0,2,1,0,0
2793391,FT,0.0,0.0,0.0,0.0,4.0,2.0,2,4,0,0
2793393,FT,2.0,1.0,1.0,1.0,10.0,1.0,3,4,0,0
2793390,2nd Half,1.0,0.0,1.0,0.0,3.0,1.0,1,0,0,0
2800396,FT,0.0,2.0,0.0,2.0,6.0,6.0,2,3,0,0
2800397,FT,1.0,3.0,0.0,3.0,11.0,2.0,1,5,0,1
2800394,FT,0.0,3.0,0.0,2.0,12.0,1.0,1,1,0,0
2793215,FT,2.0,3.0,2.0,1.0,5.0,5.0,1,1,0,0
2793216,FT,5.0,1.0,3.0,0.0,4.0,4.0,1,3,0,0
2793217,FT,2.0,1.0,1.0,1.0,3.0,4.0,3,2,0,0
2822157,FT,1.0,1.0,0.0,1.0,5.0,7.0,1,3,0,0
2822160,FT,2.0,0.0,1.0,0.0,6.0,2.0,3,3,0,0
2822162,HT,0.0,0.0,0.0,0.0,4.0,0.0,0,1,0,0
2822159,,,,,,,,0,0,0,0
2892245,FT,2.0,3.0,0.0,1.0,10.0,5.0,7,1,0,0
2866549,FT,1.0,1.0,1.0,1.0,2.0,9.0,1,0,0,0
2711579,FT,2.0,3.0,1.0,2.0,7.0,8.0,2,4,0,0
2711580,FT,0.0,0.0,0.0,0.0,5.0,3.0,0,0,0,0
2711578,FT,1.0,3.0,0.0,0.0,5.0,7.0,2,1,0,0
2711576,FT,4.0,1.0,2.0,1.0,2.0,1.0,1,2,0,0
2711577,FT,2.0,3.0,2.0,2.0,3.0,5.0,3,2,0,0
2711582,1st Half,0.0,0.0,,,1.0,1.0,0,0,0,0
2703110,FT,4.0,0.0,2.0,0.0,5.0,5.0,2,1,0,0
2703108,FT,2.0,1.0,0.0,1.0,4.0,3.0,1,2,0,0
2703106,FT,0.0,3.0,0.0,1.0,4.0,2.0,2,0,0,0
2703103,FT,2.0,2.0,2.0,1.0,8.0,9.0,3,0,0,0
2701917,FT,2.0,2.0,0.0,1.0,6.0,2.0,2,1,0,0
2701918,FT,1.0,0.0,0.0,0.0,8.0,5.0,2,2,0,0
2892825,,,,,,,,0,0,0,0
2891684,,,,,,,,0,0,0,0
2892826,,,,,,,,0,0,0,0
2734996,,,,,,,,0,0,0,0
2735000,,,,,,,,0,0,0,0
2734997,,,,,,,,0,0,0,0
2735001,,,,,,,,0,0,0,0
2892310,FT,1.0,1.0,0.0,1.0,8.0,1.0,1,0,0,0
2892294,FT,4.0,2.0,0.0,1.0,10.0,4.0,2,0,0,0
2892295,FT,2.0,0.0,2.0,0.0,1.0,6.0,1,5,0,0
2702292,FT,2.0,2.0,1.0,0.0,8.0,6.0,3,0,0,0
2702290,FT,0.0,1.0,0.0,1.0,9.0,1.0,1,0,0,0
2702294,FT,0.0,1.0,0.0,0.0,8.0,3.0,2,1,0,0
2702291,FT,0.0,1.0,0.0,0.0,9.0,3.0,1,1,0,0
2702287,FT,0.0,0.0,0.0,0.0,3.0,5.0,2,2,1,0
2702295,FT,3.0,2.0,0.0,1.0,5.0,6.0,0,2,1,0
2702293,FT,1.0,0.0,0.0,0.0,4.0,4.0,2,1,0,0
2702288,FT,1.0,3.0,0.0,1.0,8.0,7.0,0,1,0,0
2785213,FT,0.0,4.0,0.0,2.0,7.0,5.0,2,0,0,0
2785216,FT,1.0,2.0,1.0,2.0,6.0,10.0,1,0,0,0
2785215,FT,0.0,0.0,0.0,0.0,4.0,3.0,0,3,0,0
2785212,2nd Half,0.0,0.0,0.0,0.0,5.0,3.0,0,0,0,0
2726380,FT,3.0,1.0,1.0,1.0,5.0,4.0,1,0,0,0
2726381,FT,2.0,2.0,1.0,0.0,1.0,7.0,5,3,0,0
2726382,FT,2.0,4.0,1.0,0.0,5.0,8.0,0,5,0,0
2726383,FT,2.0,2.0,1.0,2.0,7.0,1.0,1,3,0,1
2701296,FT,2.0,1.0,1.0,0.0,4.0,5.0,2,2,0,1
2701295,FT,2.0,3.0,2.0,1.0,5.0,6.0,3,1,0,0
2785386,FT,2.0,1.0,1.0,1.0,4.0,4.0,2,3,1,0
2785381,FT,2.0,1.0,1.0,1.0,5.0,4.0,0,1,0,0
2785382,,,,,,,,0,0,0,0
2809969,FT,2.0,2.0,1.0,0.0,3.0,7.0,3,0,0,0
2809970,FT,4.0,0.0,2.0,0.0,7.0,3.0,3,1,0,0
2809964,FT,4.0,0.0,3.0,0.0,5.0,3.0,2,2,0,0
2797177,FT,0.0,0.0,0.0,0.0,3.0,8.0,2,0,0,0
2797170,1st Half,0.0,0.0,,,,,0,0,0,0
2876115,FT,2.0,3.0,2.0,1.0,3.0,9.0,1,2,0,0
2732584,FT,3.0,2.0,1.0,1.0,6.0,6.0,1,2,0,0
2732585,FT,5.0,0.0,3.0,0.0,6.0,5.0,3,4,1,0
2889139,FT,0.0,1.0,0.0,1.0,18.0,2.0,4,4,0,0
2889140,1st Half,0.0,0.0,,,,,0,0,0,0
2889141,,,,,,,,0,0,0,0
2889142,,,,,,,,0,0,0,0
2738016,FT,1.0,1.0,0.0,1.0,6.0,3.0,0,0,0,0
2738017,FT,0.0,1.0,0.0,0.0,9.0,7.0,1,2,0,0
2738020,2nd Half,0.0,1.0,0.0,1.0,1.0,2.0,0,1,0,0
2877037,FT,2.0,2.0,1.0,2.0,4.0,5.0,1,1,0,0
2877036,FT,1.0,4.0,0.0,3.0,6.0,2.0,2,4,0,0
2877034,FT,1.0,0.0,1.0,0.0,4.0,3.0,2,1,0,0
2815675,,,,,,,,0,0,0,0
2893888,FT,0.0,1.0,0.0,0.0,4.0,4.0,1,0,0,0
2893885,FT,3.0,0.0,2.0,0.0,4.0,0.0,0,0,1,0
2893886,FT,3.0,0.0,1.0,0.0,4.0,8.0,4,3,0,0
2812925,FT,0.0,4.0,0.0,2.0,3.0,8.0,3,2,1,0
2812928,FT,1.0,2.0,1.0,1.0,6.0,5.0,4,3,1,0
2812926,FT,3.0,1.0,1.0,1.0,8.0,2.0,1,2,0,1
2812930,2nd Half,1.0,1.0,1.0,1.0,8.0,0.0,0,1,0,0
2890390,FT,0.0,1.0,0.0,0.0,10.0,6.0,2,2,0,0
2890391,,,,,,,,0,0,0,0
2890392,,,,,,,,0,0,0,0
2890393,,,,,,,,0,0,0,0
2845682,FT,0.0,1.0,0.0,0.0,6.0,2.0,2,3,0,0
2845684,2nd Half,1.0,0.0,1.0,0.0,0.0,1.0,0,2,0,0
2845683,2nd Half,2.0,1.0,2.0,1.0,5.0,1.0,1,1,0,0
2806140,FT,0.0,1.0,0.0,1.0,5.0,4.0,2,2,0,0
2806142,FT,2.0,1.0,0.0,1.0,5.0,4.0,5,5,1,0
2806141,FT,0.0,2.0,0.0,1.0,6.0,3.0,1,4,0,0
2843535,FT,0.0,3.0,0.0,1.0,1.0,3.0,2,1,0,0
2843536,FT,0.0,0.0,0.0,0.0,3.0,7.0,6,2,0,0
2722888,FT,1.0,0.0,0.0,0.0,8.0,2.0,4,5,1,0
2722882,,,,,,,,0,0,0,0
2722886,,,,,,,,0,0,0,0
2722889,,,,,,,,0,0,0,0
2850152,2nd Half,2.0,0.0,1.0,0.0,8.0,7.0,3,0,0,0
2850153,,,,,,,,0,0,0,0
2784337,,,,,,,,0,0,0,0
2784334,,,,,,,,0,0,0,0
2784338,,,,,,,,0,0,0,0
2884490,1st Half,0.0,1.0,,,,,0,0,0,0
2884466,,,,,,,,0,0,0,0
2884467,,,,,,,,0,0,0,0
2850500,FT,1.0,0.0,1.0,0.0,3.0,8.0,2,1,0,0
2881808,FT,0.0,1.0,0.0,1.0,5.0,2.0,0,2,0,0
2881803,FT,0.0,1.0,0.0,0.0,4.0,3.0,1,3,0,0
2881809,FT,3.0,0.0,0.0,0.0,2.0,5.0,2,1,0,0
2813525,FT,0.0,0.0,0.0,0.0,5.0,6.0,4,3,0,1
2887316,FT,1.0,0.0,0.0,0.0,0.0,0.0,0,0,0,0
2840790,FT,2.0,1.0,2.0,1.0,4.0,11.0,0,1,0,0
2840410,FT,1.0,1.0,1.0,1.0,5.0,7.0,1,3,0,1
2837478,FT,1.0,0.0,1.0,0.0,2.0,4.0,3,5,0,1
2837479,FT,0.0,0.0,0.0,0.0,1.0,7.0,2,2,0,0
2840782,FT,1.0,0.0,1.0,0.0,4.0,4.0,3,3,0,0
2840784,FT,3.0,0.0,1.0,0.0,3.0,7.0,1,1,0,0
2840408,FT,2.0,0.0,1.0,0.0,3.0,3.0,1,2,0,0
2837486,2nd Half,0.0,1.0,0.0,0.0,3.0,2.0,1,1,0,0
2840786,FT,3.0,1.0,2.0,0.0,3.0,3.0,3,3,0,0
2840789,FT,2.0,2.0,0.0,0.0,4.0,2.0,1,2,0,0
2840404,FT,1.0,1.0,1.0,1.0,12.0,0.0,2,2,0,0
2840407,FT,0.0,0.0,0.0,0.0,5.0,8.0,1,0,0,0
2840787,,,,,,,,0,0,0,0
2892106,FT,12.0,0.0,4.0,0.0,0.0,0.0,0,0,0,0
2892145,FT,0.0,4.0,0.0,0.0,0.0,0.0,0,0,0,0
2892103,FT,0.0,5.0,0.0,0.0,0.0,0.0,0,0,0,0
2892109,FT,5.0,1.0,0.0,0.0,0.0,0.0,0,0,0,0
2892141,FT,3.0,0.0,3.0,0.0,0.0,0.0,0,0,0,0
2892107,FT,0.0,6.0,0.0,0.0,0.0,0.0,0,0,0,0
2892134,FT,7.0,0.0,4.0,0.0,0.0,0.0,0,0,0,0
2892136,FT,1.0,0.0,0.0,0.0,0.0,0.0,0,0,0,0
2892144,FT,0.0,6.0,0.0,4.0,0.0,0.0,0,0,0,0
2892129,FT,3.0,2.0,0.0,0.0,2.0,10.0,1,0,0,0
2892112,FT,1.0,4.0,1.0,0.0,5.0,6.0,2,1,0,0
2892135,FT,6.0,2.0,3.0,1.0,0.0,0.0,0,0,0,0
2892122,FT,4.0,0.0,0.0,0.0,0.0,0.0,0,0,0,0
2892124,FT,3.0,0.0,0.0,0.0,0.0,0.0,0,0,0,0
2892128,FT,0.0,2.0,0.0,1.0,0.0,0.0,0,0,0,0
2892151,FT,0.0,5.0,0.0,0.0,0.0,0.0,0,0,0,0
2892130,FT,1.0,2.0,0.0,0.0,0.0,0.0,0,0,0,0
2892111,FT,0.0,8.0,0.0,1.0,0.0,0.0,0,0,0,0
2892127,FT,0.0,11.0,0.0,5.0,0.0,0.0,0,0,0,0
2892121,FT,1.0,3.0,0.0,0.0,0.0,0.0,0,0,0,0
2892149,FT,1.0,1.0,0.0,0.0,0.0,0.0,0,0,0,0
2892140,FT,1.0,1.0,1.0,1.0,0.0,0.0,0,0,0,0
2892148,FT,3.0,0.0,2.0,0.0,0.0,0.0,0,0,0,0
2892142,FT,7.0,0.0,4.0,0.0,8.0,7.0,0,2,0,0
2892131,FT,4.0,2.0,0.0,0.0,0.0,0.0,0,0,0,0
2892147,FT,4.0,1.0,1.0,0.0,1.0,8.0,1,1,0,0
2892117,FT,1.0,0.0,0.0,0.0,2.0,2.0,2,0,0,0
2892108,FT,1.0,2.0,0.0,0.0,0.0,0.0,0,0,0,0
2892125,FT,1.0,3.0,0.0,0.0,0.0,0.0,0,0,0,0
2892137,FT,1.0,2.0,0.0,0.0,0.0,0.0,0,0,0,0
2892110,FT,6.0,1.0,0.0,0.0,0.0,0.0,0,0,0,0
2892143,FT,1.0,0.0,0.0,0.0,0.0,0.0,0,0,0,0
2892146,FT,2.0,1.0,1.0,0.0,3.0,5.0,1,1,0,0
2892104,FT,3.0,3.0,1.0,2.0,6.0,0.0,1,1,0,0
2892133,FT,4.0,1.0,0.0,0.0,0.0,0.0,0,0,0,0
2892138,FT,1.0,0.0,0.0,0.0,0.0,0.0,0,0,0,0
2892114,FT,0.0,3.0,0.0,1.0,0.0,0.0,0,0,0,0
2892116,FT,4.0,2.0,0.0,0.0,0.0,0.0,0,0,0,0
2892113,FT,5.0,0.0,0.0,0.0,0.0,0.0,0,0,0,0
2892119,FT,5.0,1.0,0.0,0.0,0.0,0.0,0,0,0,0
2892105,FT,1.0,1.0,1.0,1.0,0.0,0.0,0,0,0,0
2892115,FT,2.0,1.0,0.0,0.0,0.0,0.0,0,0,0,0
2892118,FT,1.0,0.0,0.0,0.0,0.0,0.0,0,0,0,0
2892120,FT,4.0,0.0,3.0,0.0,0.0,0.0,0,0,0,1
2892123,FT,5.0,3.0,2.0,2.0,0.0,0.0,0,0,0,0
2892126,FT,3.0,2.0,0.0,0.0,0.0,0.0,0,0,0,0
2892132,FT,2.0,3.0,0.0,0.0,0.0,0.0,0,0,0,0
2892157,FT,3.0,4.0,0.0,0.0,0.0,0.0,0,0,0,0
2892155,FT,8.0,0.0,3.0,0.0,0.0,0.0,0,0,0,0
2892154,FT,1.0,1.0,1.0,1.0,5.0,7.0,1,1,0,0
2892156,FT,0.0,3.0,0.0,0.0,0.0,6.0,0,0,0,0
2892153,FT,1.0,1.0,0.0,0.0,0.0,0.0,0,0,0,0
2892152,FT,3.0,2.0,1.0,1.0,0.0,0.0,0,0,0,0
2807322,FT,1.0,1.0,0.0,0.0,10.0,2.0,2,2,0,0
2806941,FT,0.0,0.0,0.0,0.0,2.0,7.0,6,2,0,0
2807323,FT,0.0,0.0,0.0,0.0,6.0,7.0,1,2,0,0
2807329,FT,1.0,1.0,0.0,1.0,5.0,1.0,2,1,0,0
2807328,FT,0.0,1.0,0.0,0.0,6.0,2.0,0,4,0,0
2806948,FT,0.0,0.0,0.0,0.0,5.0,4.0,3,5,0,0
2807326,2nd Half,0.0,0.0,0.0,0.0,1.0,1.0,1,2,0,0
2806949,2nd Half,2.0,0.0,2.0,0.0,0.0,5.0,2,0,0,0
2807321,,,,,,,,0,0,0,0
2810878,FT,1.0,1.0,1.0,0.0,4.0,8.0,1,2,0,0
2810884,FT,2.0,4.0,1.0,2.0,4.0,6.0,2,4,0,0
2810877,1st Half,0.0,0.0,,,,,0,0,0,0
2818600,FT,1.0,2.0,0.0,1.0,0.0,0.0,0,0,0,0
2817033,FT,3.0,2.0,3.0,1.0,0.0,0.0,0,1,0,1
2818597,FT,3.0,3.0,2.0,1.0,0.0,0.0,0,0,0,0
2813260,FT,3.0,2.0,1.0,2.0,0.0,0.0,0,0,1,0
2813263,FT,3.0,3.0,1.0,2.0,0.0,0.0,0,0,0,0
2818601,FT,1.0,0.0,0.0,0.0,0.0,0.0,0,0,0,0
2813259,FT,2.0,1.0,1.0,1.0,0.0,0.0,0,0,0,0
2828664,FT,2.0,2.0,1.0,1.0,0.0,0.0,0,0,0,0
2891945,FT,3.0,3.0,2.0,2.0,3.0,5.0,3,1,0,0
2891950,FT,3.0,3.0,1.0,1.0,5.0,2.0,3,4,1,0
2891946,FT,0.0,0.0,0.0,0.0,8.0,5.0,0,3,0,0
2891949,FT,1.0,0.0,0.0,0.0,3.0,8.0,3,2,0,0
2891948,FT,1.0,2.0,0.0,1.0,1.0,11.0,2,2,1,0
2891947,FT,2.0,1.0,0.0,1.0,8.0,5.0,1,0,0,0
2891944,FT,0.0,1.0,0.0,1.0,0.0,12.0,5,3,0,0
2809408,FT,1.0,1.0,0.0,1.0,5.0,1.0,2,5,0,0
2809099,FT,0.0,1.0,0.0,0.0,6.0,3.0,1,1,1,1
2809096,FT,3.0,2.0,1.0,1.0,10.0,4.0,4,5,1,0
2808485,FT,2.0,0.0,0.0,0.0,3.0,3.0,2,4,0,0
2809404,FT,0.0,0.0,0.0,0.0,10.0,5.0,2,3,0,0
2808180,FT,1.0,2.0,0.0,1.0,5.0,4.0,2,5,0,0
2865136,FT,1.0,1.0,1.0,0.0,2.0,2.0,3,3,0,0
2809402,FT,1.0,2.0,0.0,0.0,6.0,2.0,3,6,0,0
2865134,FT,0.0,1.0,0.0,0.0,6.0,5.0,1,2,0,0
2865138,FT,2.0,2.0,1.0,2.0,4.0,4.0,3,0,1,0
2809403,FT,1.0,1.0,0.0,0.0,10.0,2.0,3,5,1,0
2865133,FT,2.0,1.0,0.0,0.0,4.0,4.0,5,6,0,0
2865135,FT,2.0,0.0,1.0,0.0,0.0,0.0,0,0,0,0
2808181,FT,3.0,0.0,1.0,0.0,6.0,3.0,3,5,0,0
2865140,FT,1.0,1.0,0.0,1.0,14.0,1.0,4,3,0,0
2865137,FT,1.0,1.0,0.0,0.0,3.0,6.0,1,0,1,0
2808178,FT,1.0,2.0,1.0,1.0,10.0,4.0,2,2,0,0
2809407,FT,0.0,0.0,0.0,0.0,5.0,3.0,1,3,0,0
2808173,FT,2.0,2.0,1.0,1.0,4.0,4.0,2,1,0,0
2808484,FT,0.0,3.0,0.0,3.0,9.0,0.0,3,3,0,1
2808489,FT,1.0,0.0,0.0,0.0,1.0,4.0,1,2,0,2
2809100,Postp.,,,,,,,0,0,0,0
2809103,1st Half,0.0,0.0,,,5.0,1.0,0,1,0,0
2809405,1st Half,0.0,0.0,,,2.0,4.0,1,0,0,0
2809101,,,,,,,,0,0,0,0
2790318,FT,2.0,2.0,1.0,1.0,5.0,4.0,1,2,0,0
2814300,FT,1.0,2.0,0.0,1.0,1.0,8.0,0,3,0,0
2814305,FT,1.0,2.0,1.0,0.0,3.0,5.0,3,2,0,0
2703423,FT,1.0,1.0,0.0,1.0,4.0,2.0,2,2,0,1
2703419,FT,1.0,2.0,1.0,1.0,3.0,3.0,1,1,0,0
2715310,FT,4.0,1.0,2.0,0.0,6.0,6.0,3,2,0,0
2715311,FT,2.0,4.0,1.0,2.0,2.0,3.0,4,2,0,0
2715312,FT,3.0,2.0,1.0,1.0,7.0,4.0,2,2,0,0
2715553,FT,4.0,0.0,1.0,0.0,5.0,13.0,1,0,0,0
2715549,FT,2.0,2.0,0.0,2.0,9.0,1.0,5,3,1,1
2791037,FT,2.0,1.0,0.0,1.0,0.0,0.0,3,5,0,1
2791019,FT,1.0,0.0,0.0,0.0,0.0,0.0,0,3,0,0
2791036,FT,9.0,0.0,4.0,0.0,0.0,0.0,1,4,0,0
2791018,FT,0.0,4.0,0.0,1.0,0.0,0.0,1,0,0,0
2891853,FT,4.0,2.0,2.0,0.0,7.0,4.0,2,2,0,0
2803673,FT,1.0,1.0,0.0,1.0,7.0,1.0,4,5,0,1
2744111,FT,1.0,0.0,0.0,0.0,5.0,6.0,2,1,0,0
2744114,FT,0.0,2.0,0.0,0.0,5.0,3.0,2,3,0,0
2744112,FT,0.0,0.0,0.0,0.0,12.0,2.0,3,4,0,0
2744113,FT,2.0,2.0,0.0,0.0,1.0,1.0,1,4,0,0
2793121,FT,3.0,1.0,1.0,0.0,8.0,3.0,1,5,0,0
2800996,1st Half,0.0,0.0,,,,,1,0,0,0
2850770,FT,1.0,2.0,0.0,1.0,8.0,3.0,2,1,0,0
2850769,FT,4.0,2.0,1.0,2.0,9.0,3.0,1,3,0,0
2850771,FT,4.0,0.0,3.0,0.0,12.0,5.0,1,0,1,0
2850772,FT,5.0,0.0,2.0,0.0,4.0,1.0,2,0,0,0
2891231,FT,1.0,0.0,1.0,0.0,0.0,6.0,3,1,0,0
2891232,FT,0.0,0.0,0.0,0.0,4.0,3.0,1,2,0,0
2792653,FT,0.0,1.0,0.0,1.0,4.0,9.0,4,1,0,0
2792654,FT,2.0,1.0,1.0,0.0,5.0,4.0,2,3,0,0
2792652,FT,1.0,2.0,1.0,0.0,5.0,13.0,1,4,1,0
2805577,FT,1.0,1.0,1.0,0.0,1.0,10.0,1,1,0,0
2805579,FT,1.0,1.0,0.0,0.0,6.0,2.0,2,1,0,0
2805578,1st Half,0.0,0.0,,,,,0,0,0,0
2794733,FT,0.0,0.0,0.0,0.0,6.0,14.0,2,1,0,0
2794732,HT,1.0,0.0,1.0,0.0,1.0,1.0,3,1,0,0
2795708,FT,0.0,0.0,0.0,0.0,4.0,6.0,4,1,0,0
2794980,FT,2.0,0.0,2.0,0.0,4.0,9.0,1,0,0,0
2794983,FT,0.0,1.0,0.0,0.0,1.0,6.0,1,2,0,0
2802864,FT,3.0,2.0,0.0,1.0,4.0,11.0,2,3,0,0
2802570,FT,4.0,2.0,2.0,1.0,0.0,1.0,2,1,0,0
2802857,FT,0.0,1.0,0.0,1.0,4.0,7.0,3,3,0,0
2802573,FT,1.0,1.0,1.0,1.0,8.0,3.0,1,1,0,0
2802729,FT,0.0,2.0,0.0,1.0,6.0,8.0,1,1,0,0
2802728,FT,1.0,1.0,0.0,0.0,6.0,2.0,3,2,0,0
2802858,FT,4.0,2.0,3.0,2.0,7.0,10.0,1,2,0,0
2802732,FT,3.0,0.0,1.0,0.0,3.0,3.0,2,6,0,0
2802574,FT,1.0,1.0,0.0,0.0,13.0,2.0,3,2,0,0
2802568,FT,0.0,1.0,0.0,1.0,6.0,4.0,2,2,0,0
2802860,FT,2.0,0.0,0.0,0.0,6.0,4.0,0,0,0,0
2888492,FT,0.0,0.0,0.0,0.0,3.0,3.0,2,0,0,0
2888493,FT,2.0,0.0,2.0,0.0,4.0,1.0,0,2,0,0
2888472,FT,1.0,1.0,0.0,1.0,0.0,0.0,0,0,0,0
2888495,FT,2.0,0.0,1.0,0.0,0.0,0.0,0,0,0,0
2888494,FT,3.0,0.0,1.0,0.0,3.0,3.0,3,1,0,0
2888470,1st Half,0.0,0.0,,,,,0,0,0,0
2888496,Pend.,,,,,,,0,0,0,0
2888514,FT,4.0,1.0,1.0,0.0,6.0,1.0,2,2,0,0
2888527,FT,3.0,1.0,3.0,0.0,6.0,3.0,2,1,0,0
2888538,FT,2.0,0.0,1.0,0.0,0.0,0.0,0,0,0,0
2888525,FT,2.0,1.0,1.0,1.0,6.0,3.0,2,1,0,0
2888518,2nd Half,1.0,0.0,0.0,0.0,11.0,1.0,1,3,0,0
2888529,1st Half,1.0,0.0,,,,,0,0,0,0
2866654,FT,1.0,1.0,0.0,0.0,4.0,8.0,5,5,0,0
2866608,FT,0.0,1.0,0.0,0.0,1.0,4.0,3,2,1,0
2866609,FT,2.0,0.0,1.0,0.0,2.0,0.0,0,1,0,1
2866652,FT,2.0,0.0,2.0,0.0,7.0,1.0,4,3,0,0
2794033,FT,1.0,1.0,1.0,1.0,6.0,7.0,2,4,1,1
2794034,2nd Half,0.0,0.0,0.0,0.0,3.0,3.0,5,1,1,0
2810414,FT,1.0,3.0,0.0,2.0,7.0,5.0,3,5,1,0
2810413,FT,3.0,2.0,3.0,0.0,4.0,6.0,2,4,0,0
2827106,FT,0.0,1.0,0.0,1.0,4.0,3.0,3,4,0,0
2827105,2nd Half,1.0,1.0,1.0,1.0,4.0,5.0,1,2,0,0
2827104,2nd Half,0.0,0.0,0.0,0.0,5.0,3.0,1,3,0,0
2745165,,,,,,,,0,0,0,0
2745170,,,,,,,,0,0,0,0
2842438,FT,1.0,0.0,0.0,0.0,3.0,8.0,4,1,1,0
2788982,FT,3.0,2.0,1.0,2.0,1.0,4.0,1,1,0,0
2788979,FT,5.0,2.0,3.0,0.0,5.0,5.0,1,2,0,0
2788981,FT,1.0,2.0,1.0,1.0,9.0,3.0,2,3,0,0
2811317,FT,0.0,0.0,0.0,0.0,2.0,11.0,3,1,0,0
2811322,FT,2.0,2.0,1.0,2.0,10.0,2.0,0,1,1,0
2811321,FT,2.0,0.0,0.0,0.0,8.0,2.0,2,4,0,0
2811320,FT,5.0,2.0,2.0,1.0,5.0,4.0,3,3,0,0
2811315,FT,0.0,2.0,0.0,1.0,4.0,3.0,1,1,0,0
2811318,FT,3.0,1.0,1.0,0.0,5.0,8.0,1,5,0,2
2815816,FT,0.0,0.0,0.0,0.0,4.0,4.0,4,3,2,0
2815815,FT,0.0,0.0,0.0,0.0,7.0,2.0,4,1,0,0
2815818,FT,0.0,0.0,0.0,0.0,8.0,4.0,1,2,0,0
2815817,FT,2.0,0.0,0.0,0.0,4.0,3.0,2,0,0,0
2865718,FT,5.0,1.0,2.0,0.0,9.0,2.0,1,2,0,0
2796604,FT,1.0,2.0,1.0,0.0,6.0,3.0,5,2,0,0
2796603,,,,,,,,0,0,0,0
2868282,FT,0.0,3.0,0.0,2.0,0.0,0.0,2,2,0,0
2868281,FT,2.0,1.0,0.0,0.0,8.0,5.0,2,1,0,0
2890134,FT,1.0,1.0,0.0,0.0,1.0,2.0,3,4,0,0
2890135,2nd Half,1.0,0.0,1.0,0.0,2.0,6.0,0,2,1,0
2868576,FT,0.0,1.0,0.0,0.0,3.0,3.0,2,3,0,0
2868578,2nd Half,1.0,0.0,0.0,0.0,8.0,2.0,0,2,0,0
2875788,FT,0.0,1.0,0.0,0.0,0.0,0.0,0,0,0,0
2875791,FT,1.0,0.0,0.0,0.0,6.0,5.0,0,1,0,1
2867417,FT,2.0,1.0,1.0,1.0,3.0,7.0,4,2,0,0
2867416,FT,1.0,1.0,0.0,1.0,10.0,5.0,2,5,0,1
2877717,FT,2.0,1.0,1.0,0.0,2.0,3.0,3,2,0,0
2800818,FT,4.0,0.0,2.0,0.0,4.0,7.0,2,0,0,0
2726712,FT,1.0,1.0,1.0,0.0,4.0,11.0,4,3,0,1
2726713,2nd Half,0.0,3.0,0.0,3.0,2.0,3.0,0,0,0,0
2837869,,,,,,,,0,0,0,0
2837870,,,,,,,,0,0,0,0
2870493,FT,4.0,1.0,3.0,0.0,3.0,6.0,1,2,0,0
2870494,FT,1.0,0.0,1.0,0.0,1.0,9.0,4,3,0,0
2888347,,,,,,,,0,0,0,0
2888348,,,,,,,,0,0,0,0
2841997,FT,3.0,1.0,1.0,0.0,3.0,0.0,1,3,0,0
2720004,FT,3.0,0.0,1.0,0.0,1.0,3.0,0,1,0,0
2720005,FT,4.0,1.0,1.0,0.0,7.0,1.0,1,0,0,0
2819215,FT,4.0,0.0,3.0,0.0,0.0,0.0,3,4,0,0
2818880,FT,4.0,3.0,3.0,0.0,0.0,0.0,2,4,0,0
2818874,FT,2.0,4.0,1.0,2.0,0.0,0.0,2,4,0,0
2819214,FT,2.0,1.0,0.0,1.0,8.0,3.0,3,1,0,0
2818882,FT,2.0,0.0,1.0,0.0,0.0,0.0,0,4,0,0
2819211,FT,1.0,1.0,0.0,0.0,9.0,6.0,4,4,0,0
2818878,FT,1.0,1.0,1.0,1.0,12.0,4.0,3,2,0,0
2819216,FT,1.0,3.0,1.0,1.0,0.0,0.0,1,1,1,1
2818879,FT,1.0,2.0,0.0,0.0,0.0,0.0,1,4,0,0
2734654,FT,1.0,1.0,0.0,1.0,6.0,3.0,0,1,0,0
2734659,FT,2.0,2.0,1.0,1.0,5.0,3.0,0,2,0,0
2734655,FT,2.0,2.0,0.0,2.0,4.0,4.0,5,1,0,0
2734658,FT,2.0,2.0,1.0,1.0,4.0,3.0,1,3,0,0
2734653,FT,0.0,1.0,0.0,0.0,4.0,3.0,1,6,1,0
2734657,FT,3.0,2.0,2.0,1.0,8.0,3.0,3,5,0,0
2734656,FT,4.0,3.0,3.0,2.0,6.0,4.0,1,2,0,0
2824499,,,,,,,,0,0,0,0
2824496,,,,,,,,0,0,0,0
2824494,,,,,,,,0,0,0,0
2814034,FT,3.0,1.0,1.0,0.0,0.0,6.0,6,2,0,0
2814033,FT,4.0,2.0,1.0,0.0,4.0,8.0,3,3,0,0
2814032,FT,0.0,1.0,0.0,0.0,4.0,1.0,1,2,0,0
2814038,FT,0.0,2.0,0.0,0.0,2.0,6.0,0,1,0,0
2814037,FT,1.0,0.0,0.0,0.0,0.0,0.0,4,5,0,0
2814031,FT,7.0,1.0,4.0,0.0,5.0,6.0,2,4,0,0
2814036,FT,5.0,0.0,0.0,0.0,3.0,6.0,3,4,0,1
2702695,FT,0.0,1.0,0.0,0.0,8.0,8.0,1,2,0,0
2702704,FT,1.0,2.0,0.0,0.0,8.0,2.0,2,1,0,0
2702699,FT,0.0,1.0,0.0,0.0,7.0,2.0,1,1,0,0
2702696,FT,1.0,4.0,1.0,2.0,5.0,2.0,1,1,0,0
2872171,FT,1.0,1.0,1.0,0.0,3.0,5.0,1,2,0,0
2872170,1st Half,1.0,1.0,,,,,0,0,0,0
2819915,FT,0.0,0.0,0.0,0.0,5.0,4.0,2,3,0,0
2819917,FT,1.0,0.0,0.0,0.0,5.0,2.0,1,1,0,0
2819916,2nd Half,0.0,2.0,0.0,2.0,2.0,2.0,1,2,1,1
2819914,,,,,,,,0,0,0,0
2739587,FT,2.0,1.0,2.0,0.0,4.0,14.0,2,2,1,0
2739586,FT,4.0,1.0,1.0,0.0,10.0,3.0,3,3,0,0
2803047,,,,,,,,0,0,0,0
2803049,,,,,,,,0,0,0,0
2887517,,,,,,,,0,0,0,0
2887518,,,,,,,,0,0,0,0
2868715,FT,0.0,2.0,0.0,0.0,1.0,7.0,0,2,0,0
2868718,FT,0.0,0.0,0.0,0.0,9.0,0.0,1,1,0,0
2735896,FT,2.0,1.0,1.0,1.0,0.0,0.0,0,0,0,0
2735892,FT,0.0,1.0,0.0,0.0,6.0,4.0,1,1,0,0
2735895,FT,1.0,2.0,1.0,0.0,3.0,11.0,0,2,0,0
2735891,FT,1.0,1.0,1.0,0.0,4.0,5.0,0,2,0,0
2735893,FT,2.0,1.0,2.0,1.0,2.0,0.0,2,0,0,0
2735894,FT,2.0,0.0,0.0,0.0,2.0,4.0,0,1,0,0
2737130,FT,1.0,0.0,0.0,0.0,7.0,1.0,0,1,0,0
2737129,FT,3.0,1.0,1.0,0.0,5.0,1.0,2,2,0,0
2746739,FT,1.0,2.0,0.0,2.0,1.0,4.0,1,1,0,0
2746741,FT,4.0,2.0,1.0,1.0,0.0,0.0,2,0,0,0
2746740,FT,3.0,1.0,1.0,0.0,3.0,3.0,3,0,0,0
2755129,FT,1.0,2.0,0.0,2.0,4.0,4.0,3,3,0,0
2730130,FT,1.0,0.0,0.0,0.0,13.0,2.0,4,3,0,0
2730129,1st Half,0.0,0.0,,,3.0,2.0,0,0,0,0
2730131,,,,,,,,0,0,0,0
2854131,FT,1.0,2.0,0.0,2.0,14.0,0.0,1,4,0,0
2854132,FT,3.0,1.0,1.0,1.0,6.0,6.0,3,2,0,0
2854133,FT,3.0,3.0,1.0,1.0,4.0,0.0,3,1,0,0
2796812,FT,4.0,1.0,2.0,0.0,3.0,3.0,1,0,0,0
2891906,FT,1.0,0.0,0.0,0.0,6.0,2.0,3,4,0,1
2891905,FT,2.0,0.0,0.0,0.0,14.0,6.0,2,2,0,0
2891904,FT,3.0,2.0,3.0,1.0,9.0,5.0,1,2,0,0
2891984,FT,1.0,3.0,0.0,0.0,0.0,0.0,0,0,0,0
2891903,FT,4.0,0.0,1.0,0.0,3.0,5.0,2,2,0,0
2891985,FT,3.0,0.0,2.0,0.0,0.0,0.0,0,0,0,0
2891902,FT,4.0,3.0,1.0,3.0,0.0,0.0,0,1,0,0
2891908,FT,0.0,1.0,0.0,1.0,0.0,0.0,0,0,0,0
2891907,FT,1.0,0.0,0.0,0.0,4.0,11.0,3,3,0,0
2821689,FT,2.0,0.0,0.0,0.0,7.0,3.0,0,1,0,1
2821690,FT,3.0,0.0,0.0,0.0,0.0,0.0,0,0,0,0
2821446,FT,1.0,2.0,0.0,1.0,6.0,7.0,4,1,0,0
2821684,FT,1.0,1.0,0.0,0.0,0.0,0.0,0,0,0,0
2821683,FT,3.0,1.0,1.0,1.0,0.0,0.0,0,0,0,0
2821450,FT,1.0,3.0,0.0,3.0,3.0,3.0,2,5,1,0
2821203,FT,1.0,4.0,0.0,1.0,1.0,5.0,5,1,0,0
2821925,FT,4.0,0.0,1.0,0.0,3.0,3.0,1,1,0,1
2821687,FT,4.0,0.0,0.0,0.0,0.0,0.0,0,0,0,0
2821208,FT,1.0,2.0,1.0,2.0,4.0,1.0,5,5,0,0
2821924,FT,1.0,1.0,0.0,0.0,2.0,8.0,9,2,0,0
2821923,FT,1.0,5.0,0.0,3.0,6.0,3.0,3,3,0,0
2821928,FT,2.0,2.0,1.0,0.0,3.0,5.0,5,2,0,0
2892606,FT,0.0,0.0,0.0,0.0,2.0,0.0,0,0,0,0
2892611,FT,2.0,1.0,0.0,0.0,5.0,3.0,2,0,0,0
2892607,,,,,,,,0,0,0,0
2883118,FT,1.0,1.0,1.0,1.0,1.0,13.0,5,2,1,1
2892324,FT,0.0,7.0,0.0,3.0,1.0,2.0,1,1,0,0
2883119,FT,2.0,1.0,2.0,1.0,0.0,5.0,0,2,0,0
2801214,FT,1.0,0.0,0.0,0.0,6.0,9.0,1,1,0,0
2801213,FT,1.0,1.0,0.0,1.0,0.0,0.0,1,3,0,0
2801211,FT,2.0,2.0,2.0,2.0,8.0,7.0,2,3,0,0
2801209,FT,2.0,1.0,1.0,1.0,0.0,0.0,2,1,0,1
2836134,FT,1.0,1.0,0.0,0.0,8.0,6.0,3,2,0,0
2836132,FT,2.0,1.0,0.0,0.0,3.0,10.0,1,2,1,0
2893748,FT,2.0,1.0,1.0,1.0,9.0,1.0,0,3,0,0
2893746,FT,0.0,2.0,0.0,1.0,4.0,2.0,2,3,0,0
2893752,FT,0.0,0.0,0.0,0.0,5.0,6.0,2,2,0,0
2835356,,,,,,,,0,0,0,0
2891791,FT,0.0,0.0,0.0,0.0,2.0,6.0,3,4,0,0
2844675,FT,1.0,1.0,1.0,0.0,4.0,3.0,1,3,0,0
2844674,FT,1.0,1.0,1.0,1.0,7.0,0.0,1,3,0,1
2815054,FT,2.0,2.0,1.0,1.0,6.0,1.0,3,2,0,0
2815055,FT,0.0,0.0,0.0,0.0,0.0,3.0,2,2,0,0
2815056,FT,0.0,2.0,0.0,1.0,3.0,2.0,3,2,0,0
2815058,1st Half,1.0,0.0,,,2.0,1.0,1,3,0,0
2859475,FT,0.0,1.0,0.0,1.0,0.0,0.0,0,0,0,0
2874076,FT,3.0,0.0,1.0,0.0,11.0,5.0,2,2,0,0
2874077,FT,0.0,1.0,0.0,0.0,6.0,4.0,4,4,0,0
2872575,FT,4.0,2.0,3.0,1.0,7.0,3.0,1,0,0,1
2872576,2nd Half,0.0,1.0,0.0,0.0,3.0,6.0,2,1,1,0
2892504,FT,0.0,2.0,0.0,1.0,6.0,1.0,2,3,0,0
2892503,FT,1.0,1.0,0.0,0.0,2.0,12.0,3,7,0,0
2830012,FT,6.0,0.0,2.0,0.0,0.0,0.0,0,0,0,0
2863704,FT,1.0,0.0,0.0,0.0,7.0,3.0,4,5,0,0
2878935,FT,1.0,2.0,0.0,0.0,2.0,6.0,6,7,0,0
2878932,FT,0.0,0.0,0.0,0.0,0.0,0.0,0,0,0,0
2878097,FT,2.0,0.0,0.0,0.0,0.0,0.0,0,0,0,0
2878938,FT,1.0,1.0,0.0,0.0,0.0,0.0,0,0,0,0
2879773,FT,1.0,2.0,0.0,0.0,0.0,0.0,0,0,0,0
2864315,FT,1.0,1.0,0.0,0.0,7.0,3.0,4,2,1,0
2878101,FT,2.0,2.0,1.0,0.0,6.0,3.0,4,4,0,0
2878934,FT,1.0,0.0,0.0,0.0,3.0,1.0,3,1,0,0
2867074,FT,2.0,2.0,2.0,2.0,6.0,5.0,2,5,0,0
2867073,FT,3.0,1.0,1.0,1.0,0.0,0.0,0,0,0,0
2878103,FT,1.0,1.0,1.0,1.0,3.0,5.0,3,2,0,0
2878099,FT,2.0,2.0,2.0,1.0,2.0,4.0,5,3,0,0
2863703,FT,0.0,1.0,0.0,1.0,3.0,5.0,5,5,1,1
2878937,FT,2.0,3.0,1.0,0.0,4.0,12.0,2,4,0,0
2878379,FT,1.0,0.0,0.0,0.0,0.0,17.0,1,0,0,0
2880050,FT,0.0,0.0,0.0,0.0,0.0,0.0,0,0,0,0
2877803,FT,0.0,2.0,0.0,1.0,6.0,6.0,5,2,0,0
2877808,FT,0.0,2.0,0.0,0.0,3.0,8.0,5,2,4,0
2863394,FT,2.0,0.0,0.0,0.0,0.0,0.0,0,0,0,0
2879219,FT,2.0,1.0,1.0,0.0,0.0,0.0,0,0,0,0
2867077,FT,1.0,0.0,1.0,0.0,0.0,0.0,0,0,0,0
2878940,FT,2.0,2.0,1.0,2.0,4.0,3.0,7,3,0,1
2879498,FT,0.0,2.0,0.0,2.0,8.0,4.0,1,1,0,0
2863700,FT,0.0,1.0,0.0,1.0,3.0,2.0,2,4,0,0
2879217,FT,0.0,5.0,0.0,1.0,0.0,0.0,0,0,0,0
2879213,FT,0.0,1.0,0.0,0.0,0.0,0.0,0,0,0,0
2879774,FT,2.0,0.0,0.0,0.0,5.0,3.0,2,3,0,0
2867076,FT,0.0,1.0,0.0,0.0,0.0,0.0,0,0,0,0
2864618,FT,3.0,1.0,0.0,1.0,4.0,1.0,2,3,0,0
2878383,FT,0.0,2.0,0.0,0.0,0.0,0.0,0,0,0,0
2878385,FT,1.0,2.0,0.0,0.0,0.0,0.0,0,0,0,0
2878658,FT,2.0,3.0,1.0,3.0,0.0,0.0,0,0,0,0
2879495,FT,1.0,0.0,1.0,0.0,0.0,2.0,3,5,0,0
2863088,FT,2.0,1.0,1.0,0.0,4.0,1.0,2,5,0,0
2878102,FT,1.0,1.0,0.0,1.0,0.0,0.0,0,0,0,1
2840057,FT,3.0,1.0,0.0,1.0,3.0,1.0,3,6,0,0
2879497,FT,1.0,1.0,0.0,0.0,6.0,1.0,0,3,0,0
2867079,FT,0.0,2.0,0.0,0.0,0.0,0.0,0,0,0,0
2878381,FT,2.0,1.0,1.0,1.0,0.0,0.0,0,0,0,0
2878104,FT,0.0,3.0,0.0,1.0,2.0,6.0,3,3,0,0
2863092,FT,1.0,2.0,1.0,0.0,11.0,1.0,6,4,0,0
2878384,FT,2.0,1.0,1.0,0.0,5.0,4.0,2,2,1,0
2879216,FT,2.0,1.0,0.0,0.0,0.0,0.0,0,0,0,0
2877807,FT,2.0,0.0,2.0,0.0,0.0,0.0,0,0,0,0
2879214,FT,7.0,0.0,3.0,0.0,10.0,1.0,0,2,0,0
2879212,FT,0.0,1.0,0.0,1.0,0.0,0.0,0,0,0,0
2864619,FT,0.0,1.0,0.0,0.0,0.0,0.0,0,0,0,0
2877806,FT,2.0,0.0,2.0,0.0,4.0,5.0,1,4,0,0
2879494,FT,2.0,1.0,0.0,0.0,4.0,3.0,4,3,0,0
2867080,FT,0.0,1.0,0.0,1.0,4.0,11.0,1,3,0,0
2864314,FT,3.0,1.0,1.0,0.0,1.0,4.0,5,3,0,0
2880053,FT,2.0,0.0,1.0,0.0,1.0,4.0,1,1,0,0
2879776,FT,1.0,0.0,1.0,0.0,0.0,0.0,0,0,0,0
2879218,FT,2.0,0.0,1.0,0.0,8.0,1.0,2,3,0,0
2877810,FT,0.0,2.0,0.0,1.0,0.0,0.0,0,0,0,0
2879493,FT,0.0,4.0,0.0,1.0,4.0,2.0,2,2,0,0
2867075,FT,2.0,3.0,0.0,1.0,0.0,0.0,0,0,0,0
2878656,FT,5.0,1.0,0.0,0.0,0.0,0.0,0,0,0,0
2880051,FT,2.0,2.0,1.0,1.0,10.0,6.0,3,6,0,0
2879771,FT,0.0,0.0,0.0,0.0,0.0,0.0,0,0,0,0
2863400,FT,3.0,1.0,1.0,1.0,0.0,0.0,0,0,0,0
2878936,FT,2.0,1.0,1.0,1.0,4.0,8.0,4,3,0,0
2880052,FT,2.0,2.0,1.0,1.0,8.0,2.0,5,5,0,0
2880049,FT,1.0,0.0,1.0,0.0,0.0,0.0,0,0,0,0
2878655,FT,0.0,1.0,0.0,0.0,2.0,4.0,2,2,0,0
2879220,FT,2.0,0.0,1.0,0.0,2.0,0.0,6,4,1,0
2878657,FT,0.0,0.0,0.0,0.0,0.0,0.0,0,0,0,0
2863396,FT,0.0,1.0,0.0,0.0,2.0,8.0,5,2,1,0
2840058,FT,1.0,0.0,0.0,0.0,0.0,0.0,0,0,0,0
2880057,FT,1.0,0.0,0.0,0.0,7.0,3.0,4,2,0,0
2877805,FT,0.0,2.0,0.0,1.0,0.0,0.0,0,0,0,0
2880054,FT,1.0,3.0,1.0,0.0,6.0,3.0,3,3,2,0
2854266,FT,0.0,3.0,0.0,2.0,3.0,4.0,2,2,0,0
2854263,FT,0.0,1.0,0.0,0.0,3.0,7.0,3,0,0,0
2854264,FT,5.0,1.0,3.0,0.0,0.0,0.0,0,0,0,0
2878382,FT,0.0,0.0,0.0,0.0,0.0,0.0,0,0,0,1
2864312,FT,1.0,2.0,1.0,1.0,2.0,2.0,4,6,0,1
2848247,FT,1.0,0.0,1.0,0.0,0.0,0.0,0,0,0,0
2863091,FT,0.0,0.0,0.0,0.0,0.0,0.0,0,0,0,0
2863705,FT,1.0,1.0,1.0,0.0,0.0,0.0,0,0,0,0
2879777,FT,4.0,1.0,3.0,0.0,0.0,0.0,0,0,0,0
2878378,FT,0.0,1.0,0.0,0.0,4.0,2.0,5,4,0,0
2863087,FT,1.0,0.0,0.0,0.0,11.0,6.0,2,4,0,0
2878100,2nd Half,0.0,1.0,0.0,1.0,0.0,0.0,0,0,0,0
2864620,HT,0.0,0.0,0.0,0.0,2.0,1.0,1,1,0,0
2877809,HT,2.0,2.0,2.0,2.0,0.0,0.0,0,0,0,0
2878098,HT,1.0,0.0,1.0,0.0,1.0,1.0,1,3,0,0
2864616,HT,1.0,0.0,1.0,0.0,3.0,3.0,1,2,0,0
2878105,1st Half,0.0,0.0,,,,,0,0,0,0
2864316,1st Half,0.0,0.0,,,,,0,1,1,0
2864624,1st Half,0.0,1.0,,,1.0,1.0,0,0,0,0
2864621,1st Half,0.0,0.0,,,,,0,0,0,0
2867072,1st Half,0.0,0.0,,,,,1,0,0,0
2892968,FT,2.0,1.0,1.0,1.0,5.0,2.0,3,2,0,0
2892964,FT,0.0,2.0,0.0,1.0,7.0,1.0,5,1,0,0
2893823,FT,1.0,2.0,0.0,0.0,2.0,6.0,3,2,0,0
2892623,FT,1.0,0.0,0.0,0.0,5.0,6.0,3,2,0,0
2892624,FT,1.0,0.0,1.0,0.0,4.0,4.0,6,2,0,0
2892626,2nd Half,0.0,1.0,0.0,1.0,6.0,0.0,2,1,0,0
2892625,Pend.,,,,,,,0,0,0,0
2874235,FT,1.0,4.0,0.0,2.0,6.0,5.0,2,3,0,0
2874234,FT,1.0,1.0,1.0,1.0,3.0,1.0,3,2,0,0
2874236,FT,4.0,1.0,3.0,0.0,5.0,5.0,2,5,0,0
2874237,FT,3.0,5.0,2.0,2.0,8.0,4.0,4,1,1,1
2889363,FT,1.0,1.0,1.0,1.0,6.0,4.0,1,3,0,0
2891917,FT,2.0,1.0,0.0,0.0,0.0,0.0,0,0,0,0
2891965,FT,2.0,1.0,1.0,0.0,0.0,0.0,0,0,0,0
2891966,FT,1.0,1.0,0.0,0.0,0.0,0.0,0,0,0,0
2891967,FT,3.0,3.0,1.0,1.0,0.0,0.0,0,0,0,0
2891964,FT,2.0,0.0,0.0,0.0,0.0,0.0,0,0,0,0
2891916,FT,3.0,0.0,0.0,0.0,0.0,0.0,0,0,0,0
2891913,FT,10.0,3.0,4.0,2.0,0.0,0.0,0,0,0,0
2891926,FT,0.0,1.0,0.0,0.0,0.0,0.0,0,0,0,0
2891909,FT,2.0,5.0,1.0,1.0,0.0,0.0,0,0,0,0
2891914,FT,5.0,0.0,3.0,0.0,0.0,0.0,0,0,0,0
2891915,FT,1.0,1.0,0.0,1.0,0.0,0.0,0,0,0,0
2891911,FT,2.0,2.0,0.0,0.0,0.0,0.0,0,0,0,0
2891912,FT,3.0,2.0,0.0,0.0,0.0,0.0,0,0,0,0
2891910,FT,2.0,3.0,0.0,0.0,0.0,0.0,0,0,0,0
2891942,FT,5.0,0.0,3.0,0.0,0.0,0.0,0,0,0,0
2891919,FT,0.0,8.0,0.0,5.0,0.0,0.0,0,0,0,0
2891935,FT,2.0,1.0,1.0,0.0,0.0,0.0,0,0,0,0
2891930,FT,2.0,2.0,1.0,1.0,0.0,0.0,0,0,0,0
2891927,FT,1.0,2.0,0.0,1.0,0.0,0.0,0,0,0,0
2891931,FT,1.0,5.0,0.0,3.0,0.0,0.0,0,0,0,0
2891933,FT,6.0,0.0,3.0,0.0,0.0,0.0,0,0,0,0
2891986,FT,2.0,0.0,2.0,0.0,0.0,0.0,0,1,0,0
2891988,FT,5.0,2.0,3.0,0.0,0.0,0.0,0,0,0,0
2891987,FT,5.0,2.0,3.0,0.0,0.0,0.0,0,0,0,0
2891932,FT,1.0,0.0,1.0,0.0,0.0,0.0,0,0,0,0
2891936,FT,4.0,2.0,2.0,1.0,0.0,0.0,0,0,0,0
2891937,FT,2.0,2.0,1.0,0.0,0.0,0.0,0,0,0,0
2891938,FT,0.0,5.0,0.0,2.0,0.0,0.0,0,0,0,0
2891929,FT,2.0,6.0,2.0,5.0,0.0,0.0,0,0,1,0
2891990,FT,1.0,2.0,1.0,1.0,0.0,0.0,0,0,1,0
2891939,FT,2.0,2.0,1.0,1.0,0.0,0.0,0,0,0,0
2891968,FT,1.0,2.0,1.0,1.0,0.0,0.0,0,0,0,0
2891992,FT,0.0,3.0,0.0,1.0,0.0,0.0,0,0,0,0
2891934,FT,2.0,4.0,1.0,2.0,0.0,0.0,0,0,1,0
2891989,FT,2.0,0.0,0.0,0.0,0.0,0.0,0,0,0,0
2891991,FT,4.0,0.0,1.0,0.0,0.0,0.0,0,0,0,1
2891928,FT,2.0,3.0,1.0,1.0,0.0,0.0,0,0,0,0
2893797,FT,0.0,4.0,0.0,3.0,7.0,3.0,2,1,0,0
2742936,FT,4.0,1.0,2.0,0.0,5.0,1.0,2,1,0,0
2742937,FT,8.0,0.0,5.0,0.0,7.0,4.0,0,3,0,1
2751808,FT,4.0,0.0,2.0,0.0,7.0,1.0,1,5,0,0
2751810,FT,3.0,0.0,1.0,0.0,6.0,6.0,0,0,0,0
2751813,FT,1.0,3.0,1.0,2.0,11.0,2.0,3,2,0,0
2838008,FT,2.0,2.0,0.0,1.0,5.0,0.0,2,2,0,0
2838007,FT,1.0,4.0,1.0,2.0,3.0,4.0,4,3,2,0
2838009,FT,2.0,2.0,0.0,1.0,5.0,1.0,2,3,0,0
2838010,FT,1.0,0.0,1.0,0.0,5.0,9.0,2,4,0,1
2892195,FT,3.0,0.0,2.0,0.0,8.0,1.0,1,2,0,0
2891249,FT,3.0,0.0,1.0,0.0,4.0,3.0,1,2,0,0
2891250,FT,0.0,0.0,0.0,0.0,0.0,0.0,0,0,0,0
2891251,HT,0.0,0.0,0.0,0.0,0.0,0.0,0,0,0,0
2891252,HT,1.0,0.0,1.0,0.0,0.0,0.0,0,0,0,0
2873848,FT,1.0,2.0,0.0,1.0,6.0,4.0,1,5,0,0
2873846,FT,1.0,0.0,1.0,0.0,3.0,4.0,5,2,0,0
2873847,FT,0.0,0.0,0.0,0.0,8.0,5.0,0,0,0,0
2738796,FT,10.0,0.0,4.0,0.0,17.0,1.0,0,1,0,0
2738772,FT,1.0,2.0,1.0,1.0,1.0,1.0,1,2,0,0
2835878,FT,2.0,1.0,2.0,1.0,6.0,2.0,3,3,0,0
2744736,FT,2.0,1.0,1.0,0.0,3.0,4.0,2,0,0,0
2744734,FT,1.0,1.0,0.0,1.0,5.0,10.0,1,2,0,0
2744733,FT,0.0,0.0,0.0,0.0,6.0,4.0,2,2,0,0
2744735,FT,0.0,0.0,0.0,0.0,0.0,0.0,3,2,0,0
2744732,FT,1.0,2.0,0.0,0.0,6.0,4.0,1,2,0,0
2886378,,,,,,,,0,0,0,0
2892091,FT,2.0,0.0,2.0,0.0,5.0,5.0,1,1,0,0
2892092,FT,5.0,1.0,1.0,1.0,5.0,1.0,3,2,0,1
2892093,FT,1.0,3.0,0.0,3.0,7.0,6.0,0,4,0,1
2892094,FT,3.0,0.0,2.0,0.0,5.0,1.0,2,1,0,0
2846436,FT,4.0,1.0,3.0,1.0,11.0,1.0,3,2,0,1
2893044,FT,2.0,0.0,1.0,0.0,3.0,5.0,2,2,0,1
2893779,FT,1.0,2.0,1.0,1.0,4.0,5.0,2,8,0,0
2893052,FT,0.0,0.0,0.0,0.0,5.0,2.0,1,4,0,0
2893299,FT,0.0,3.0,0.0,1.0,5.0,2.0,1,3,0,0
2893782,FT,1.0,0.0,1.0,0.0,5.0,6.0,2,5,0,0
2893068,FT,0.0,4.0,0.0,3.0,2.0,2.0,3,4,0,0
2893058,FT,1.0,0.0,0.0,0.0,7.0,4.0,4,7,0,0
2893051,FT,2.0,1.0,2.0,1.0,0.0,0.0,0,0,0,0
2893780,FT,0.0,3.0,0.0,1.0,2.0,3.0,3,0,0,0
2893300,FT,0.0,0.0,0.0,0.0,3.0,4.0,2,1,0,0
2893059,FT,2.0,2.0,1.0,2.0,5.0,5.0,6,2,0,0
2893060,FT,0.0,0.0,0.0,0.0,7.0,8.0,1,2,0,0
2893057,FT,1.0,3.0,0.0,3.0,8.0,0.0,1,1,0,0
2893049,FT,0.0,1.0,0.0,1.0,4.0,5.0,4,3,1,0
2893783,FT,1.0,1.0,1.0,1.0,2.0,9.0,2,2,0,0
2893048,FT,1.0,1.0,0.0,1.0,6.0,2.0,2,2,0,0
2893781,FT,1.0,2.0,1.0,1.0,5.0,3.0,3,4,1,1
2893952,FT,2.0,2.0,0.0,1.0,9.0,1.0,4,4,0,0
2893953,,,,,,,,0,0,0,0
2893954,,,,,,,,0,0,0,0
2893819,FT,1.0,2.0,0.0,1.0,3.0,3.0,1,2,0,0
2876171,FT,1.0,0.0,1.0,0.0,0.0,0.0,0,0,0,0
2876175,FT,1.0,0.0,1.0,0.0,3.0,1.0,0,3,2,2
2876176,FT,1.0,0.0,1.0,0.0,5.0,0.0,3,5,0,0
2876178,FT,3.0,1.0,1.0,1.0,0.0,0.0,0,0,0,0
2891645,FT,0.0,0.0,0.0,0.0,1.0,1.0,0,1,0,0
2891646,FT,1.0,2.0,1.0,2.0,5.0,4.0,1,2,0,0
2891647,FT,1.0,1.0,1.0,0.0,5.0,6.0,2,4,0,0
2891648,1st Half,0.0,0.0,,,1.0,1.0,0,0,0,0
2892290,1st Half,1.0,0.0,,,,,0,0,0,0
2892289,,,,,,,,0,0,0,0
2822820,,,,,,,,0,0,0,0
2822818,,,,,,,,0,0,0,0
2891885,FT,0.0,1.0,0.0,0.0,5.0,8.0,2,3,0,0
2891879,FT,1.0,2.0,0.0,1.0,6.0,4.0,2,3,0,0
2891882,FT,0.0,1.0,0.0,0.0,2.0,9.0,4,4,1,0
2891886,FT,2.0,4.0,2.0,3.0,4.0,1.0,1,4,1,0
2891883,FT,0.0,0.0,0.0,0.0,0.0,0.0,0,0,0,0
2891877,FT,3.0,1.0,3.0,1.0,1.0,10.0,2,2,0,0
2891888,FT,1.0,1.0,0.0,0.0,0.0,0.0,0,0,0,0
2891887,FT,0.0,0.0,0.0,0.0,2.0,7.0,2,3,0,0
2891884,FT,3.0,1.0,3.0,1.0,9.0,5.0,3,4,0,1
2891880,FT,2.0,0.0,1.0,0.0,2.0,5.0,1,1,0,0
2891876,FT,1.0,0.0,1.0,0.0,3.0,4.0,4,2,0,0
2891881,FT,0.0,1.0,0.0,0.0,8.0,6.0,1,3,0,0
2891878,FT,0.0,0.0,0.0,0.0,0.0,0.0,0,0,0,0
2892882,,,,,,,,0,0,0,0
2893889,FT,2.0,0.0,0.0,0.0,6.0,3.0,2,1,1,0
2893913,FT,0.0,2.0,0.0,1.0,3.0,4.0,4,3,0,0
2893750,FT,1.0,0.0,1.0,0.0,5.0,4.0,0,2,1,1
2893751,FT,1.0,1.0,0.0,1.0,3.0,3.0,3,4,0,0
2893735,FT,2.0,1.0,1.0,1.0,4.0,10.0,2,2,0,0
2893794,FT,0.0,2.0,0.0,0.0,4.0,5.0,4,1,0,0
2893742,FT,1.0,3.0,1.0,3.0,0.0,5.0,2,0,0,0
2826656,FT,1.0,2.0,1.0,0.0,5.0,4.0,4,2,0,0
2826657,FT,0.0,3.0,0.0,1.0,7.0,2.0,4,3,1,0
2826655,FT,0.0,0.0,0.0,0.0,3.0,2.0,2,1,0,0
2893912,FT,0.0,3.0,0.0,1.0,2.0,7.0,0,1,0,0
2893925,FT,2.0,1.0,1.0,1.0,3.0,4.0,1,2,0,1
2830238,FT,0.0,4.0,0.0,2.0,0.0,1.0,0,0,0,0
2830438,FT,3.0,4.0,2.0,2.0,8.0,2.0,1,1,0,0
2830239,FT,1.0,2.0,1.0,1.0,4.0,0.0,4,3,0,1
2830237,FT,1.0,0.0,0.0,0.0,3.0,4.0,1,1,0,0
2830439,FT,1.0,0.0,1.0,0.0,7.0,5.0,3,1,1,0
2830236,FT,0.0,2.0,0.0,2.0,7.0,3.0,2,3,0,0
2893970,,,,,,,,0,0,0,0
2893226,,,,,,,,0,0,0,0
2893867,FT,2.0,2.0,0.0,1.0,3.0,11.0,1,1,0,0
2893868,FT,2.0,3.0,1.0,0.0,4.0,2.0,3,3,1,1
2893869,FT,1.0,1.0,0.0,1.0,3.0,4.0,5,2,0,0
2893955,FT,1.0,2.0,0.0,1.0,6.0,3.0,2,1,1,0
2893956,FT,6.0,0.0,4.0,0.0,10.0,0.0,1,1,0,0
2891924,FT,3.0,0.0,1.0,0.0,4.0,6.0,1,3,0,0
2891921,FT,3.0,2.0,0.0,1.0,4.0,2.0,1,2,0,1
2891922,FT,2.0,1.0,0.0,1.0,0.0,0.0,0,0,0,0
2893957,FT,0.0,1.0,0.0,1.0,3.0,13.0,4,2,0,0
2891920,FT,1.0,0.0,0.0,0.0,7.0,3.0,2,2,0,0
2893958,FT,0.0,4.0,0.0,1.0,3.0,6.0,2,3,0,0
2893739,FT,3.0,2.0,1.0,0.0,9.0,6.0,1,4,0,0
2893884,FT,2.0,0.0,1.0,0.0,5.0,5.0,2,1,0,0
2893737,FT,0.0,6.0,0.0,3.0,0.0,0.0,0,0,0,0
2893736,FT,1.0,1.0,0.0,0.0,6.0,7.0,3,3,0,0
2891923,FT,3.0,2.0,1.0,1.0,0.0,0.0,0,0,0,0
2893965,2nd Half,1.0,1.0,1.0,0.0,3.0,8.0,0,1,0,0
2893971,1st Half,2.0,0.0,,,,,0,0,0,1
2893972,,,,,,,,0,0,0,0
2892532,FT,2.0,0.0,0.0,0.0,5.0,4.0,1,1,0,0
2844242,FT,2.0,2.0,0.0,1.0,8.0,2.0,3,2,0,0
2844241,FT,3.0,1.0,2.0,0.0,7.0,2.0,1,1,0,0
2893826,FT,0.0,1.0,0.0,1.0,1.0,3.0,1,5,0,0
2893804,FT,2.0,2.0,2.0,1.0,4.0,4.0,3,3,0,0
2893827,FT,1.0,0.0,0.0,0.0,5.0,5.0,2,5,0,0
2893829,FT,0.0,0.0,0.0,0.0,4.0,5.0,3,3,0,0
2893830,FT,2.0,3.0,1.0,1.0,9.0,4.0,4,4,0,0
2893753,FT,1.0,2.0,0.0,0.0,5.0,9.0,2,2,0,0
2893754,FT,2.0,1.0,1.0,0.0,11.0,9.0,1,4,0,0
2893747,FT,2.0,1.0,1.0,1.0,4.0,0.0,2,1,0,0
2893793,FT,1.0,1.0,1.0,1.0,2.0,1.0,2,2,1,0
2893803,FT,1.0,1.0,0.0,1.0,5.0,5.0,2,1,0,0
2893795,FT,0.0,1.0,0.0,1.0,8.0,4.0,3,4,0,0
2893800,FT,6.0,3.0,5.0,1.0,4.0,6.0,3,3,1,0
2893799,FT,2.0,1.0,1.0,0.0,6.0,4.0,1,2,0,0
2891901,FT,0.0,1.0,0.0,0.0,3.0,7.0,3,5,0,1
2891488,1st Half,1.0,0.0,,,,,0,0,0,0
2891900,,,,,,,,0,0,0,0
2893923,,,,,,,,0,0,0,0
2892183,Pend.,,,,,,,0,0,0,0
2892084,,,,,,,,0,0,0,0
2892088,FT,3.0,0.0,2.0,0.0,7.0,4.0,0,1,0,0
2892089,FT,1.0,0.0,1.0,0.0,5.0,5.0,4,2,0,0
2893843,2nd Half,3.0,0.0,3.0,0.0,5.0,2.0,0,2,0,0
2893849,2nd Half,3.0,1.0,3.0,1.0,5.0,1.0,0,2,0,0
2893844,2nd Half,1.0,1.0,0.0,0.0,5.0,3.0,1,1,0,0
2893842,2nd Half,4.0,0.0,3.0,0.0,7.0,1.0,2,3,0,0
2893224,FT,3.0,0.0,1.0,0.0,12.0,5.0,1,2,0,0
2893722,FT,0.0,1.0,0.0,1.0,2.0,7.0,2,2,0,0
2893725,FT,1.0,2.0,0.0,1.0,6.0,1.0,4,0,0,0
2893717,FT,2.0,1.0,0.0,0.0,4.0,6.0,0,1,0,0
2893716,FT,2.0,1.0,1.0,1.0,10.0,2.0,2,3,0,0
2893796,FT,0.0,3.0,0.0,0.0,2.0,5.0,1,1,0,0
2893720,FT,0.0,1.0,0.0,1.0,7.0,9.0,3,5,0,0
2893719,FT,2.0,1.0,0.0,1.0,9.0,1.0,4,4,0,1
2893724,FT,0.0,2.0,0.0,0.0,2.0,3.0,3,3,0,0
2893792,FT,0.0,3.0,0.0,3.0,4.0,5.0,3,1,1,0
2893223,FT,1.0,1.0,0.0,0.0,2.0,4.0,4,3,0,0
2893721,FT,3.0,3.0,3.0,1.0,3.0,2.0,3,2,0,0
2893801,FT,2.0,1.0,2.0,0.0,2.0,5.0,5,2,0,0
2893723,FT,4.0,2.0,2.0,1.0,6.0,5.0,3,1,0,0
2893718,FT,0.0,4.0,0.0,1.0,6.0,7.0,2,4,1,0
2893236,FT,1.0,1.0,0.0,0.0,9.0,4.0,2,2,0,0
2893225,FT,1.0,3.0,0.0,2.0,4.0,7.0,3,4,0,0
2891591,FT,0.0,1.0,0.0,0.0,8.0,7.0,5,2,0,0
2890730,,,,,,,,0,0,0,0
2890731,,,,,,,,0,0,0,0
2890732,,,,,,,,0,0,0,0
2893810,FT,1.0,0.0,0.0,0.0,6.0,1.0,0,0,0,0
2893814,FT,0.0,4.0,0.0,1.0,3.0,5.0,1,3,0,0
2893899,FT,0.0,2.0,0.0,1.0,6.0,8.0,0,0,0,0
2893871,Pend.,,,,,,,0,0,0,0
2893911,Pend.,,,,,,,0,0,0,0
2893900,,,,,,,,0,0,0,0
2893860,,,,,,,,0,0,0,0
2891631,FT,2.0,6.0,0.0,3.0,9.0,5.0,1,3,0,0
2891627,FT,0.0,5.0,0.0,2.0,6.0,4.0,3,4,0,0
2891636,FT,1.0,3.0,0.0,0.0,0.0,0.0,0,0,0,0
2802295,FT,0.0,1.0,0.0,1.0,3.0,5.0,1,1,0,0
2892068,FT,2.0,1.0,2.0,0.0,0.0,0.0,0,0,0,0
2892071,FT,2.0,0.0,1.0,0.0,2.0,2.0,3,5,0,0
2892039,FT,1.0,1.0,1.0,0.0,0.0,0.0,0,0,0,0
2892015,FT,0.0,2.0,0.0,2.0,0.0,0.0,0,0,0,0
2892036,FT,2.0,4.0,1.0,2.0,0.0,0.0,0,0,0,0
2892027,FT,0.0,1.0,0.0,0.0,0.0,0.0,0,0,0,0
2892016,FT,2.0,2.0,2.0,0.0,4.0,4.0,2,2,1,0
2892033,FT,2.0,2.0,1.0,2.0,2.0,5.0,2,5,0,0
2892070,FT,1.0,3.0,1.0,1.0,7.0,3.0,1,0,0,0
2892040,FT,3.0,1.0,0.0,0.0,5.0,3.0,1,1,0,0
2892043,FT,1.0,0.0,1.0,0.0,4.0,8.0,2,1,0,0
2892067,FT,1.0,2.0,1.0,2.0,4.0,4.0,2,1,0,0
2892026,FT,1.0,3.0,0.0,0.0,0.0,0.0,0,0,0,0
2892044,FT,2.0,1.0,1.0,0.0,1.0,4.0,4,2,0,0
2892060,FT,4.0,1.0,3.0,0.0,0.0,0.0,0,0,0,0
2892080,FT,0.0,1.0,0.0,1.0,0.0,0.0,0,0,0,0
2892006,FT,1.0,1.0,0.0,0.0,0.0,0.0,0,0,0,0
2892069,FT,1.0,2.0,0.0,1.0,8.0,3.0,2,3,0,0
2892019,FT,2.0,3.0,0.0,2.0,0.0,0.0,0,0,0,0
2892057,FT,0.0,1.0,0.0,0.0,2.0,4.0,1,2,0,0
2892024,FT,2.0,1.0,0.0,1.0,8.0,1.0,2,2,0,0
2892041,FT,0.0,0.0,0.0,0.0,0.0,0.0,0,0,0,0
2892052,FT,0.0,1.0,0.0,0.0,0.0,0.0,0,0,0,0
2892081,FT,0.0,1.0,0.0,1.0,6.0,7.0,2,2,0,0
2892034,FT,0.0,1.0,0.0,0.0,0.0,0.0,0,0,0,0
2892061,FT,3.0,0.0,0.0,0.0,6.0,2.0,2,3,0,0
2892056,FT,0.0,3.0,0.0,2.0,4.0,3.0,1,2,0,0
2892072,FT,3.0,0.0,2.0,0.0,3.0,5.0,4,1,1,0
2892010,FT,0.0,0.0,0.0,0.0,0.0,0.0,0,0,0,0
2892064,FT,1.0,0.0,0.0,0.0,0.0,0.0,0,0,0,0
2892028,FT,1.0,1.0,1.0,1.0,4.0,5.0,2,3,0,0
2892001,FT,0.0,2.0,0.0,2.0,0.0,0.0,0,0,0,0
2892050,FT,1.0,1.0,1.0,0.0,0.0,0.0,0,0,0,0
2892030,FT,0.0,1.0,0.0,0.0,6.0,0.0,3,3,0,0
2892042,FT,3.0,1.0,0.0,0.0,2.0,4.0,1,4,0,1
2892023,FT,2.0,1.0,0.0,1.0,0.0,0.0,0,0,0,0
2892018,FT,0.0,1.0,0.0,0.0,2.0,4.0,4,4,0,0
2892025,FT,1.0,2.0,1.0,1.0,4.0,2.0,2,4,0,0
2892013,FT,0.0,0.0,0.0,0.0,0.0,0.0,0,0,0,0
2892014,FT,1.0,1.0,1.0,0.0,1.0,7.0,3,1,0,0
2892003,FT,0.0,2.0,0.0,0.0,0.0,0.0,0,0,0,0
2892066,FT,0.0,2.0,0.0,1.0,0.0,0.0,0,0,0,0
2892008,FT,3.0,1.0,1.0,1.0,0.0,0.0,0,0,0,0
2892029,FT,0.0,2.0,0.0,0.0,0.0,0.0,0,0,0,0
2892011,FT,1.0,1.0,1.0,1.0,7.0,5.0,2,2,0,0
2892051,FT,0.0,0.0,0.0,0.0,0.0,0.0,0,0,0,0
2892032,FT,2.0,0.0,0.0,0.0,0.0,0.0,0,0,0,0
2892017,FT,1.0,0.0,0.0,0.0,7.0,3.0,1,2,0,0
2892038,FT,0.0,0.0,0.0,0.0,0.0,0.0,0,0,0,0
2892037,FT,2.0,2.0,1.0,2.0,4.0,4.0,5,2,1,0
2892045,FT,0.0,1.0,0.0,0.0,5.0,4.0,3,1,0,0
2892058,FT,1.0,1.0,1.0,1.0,5.0,2.0,1,2,0,0
2892009,FT,2.0,1.0,0.0,1.0,7.0,9.0,2,1,0,0
2892055,FT,0.0,3.0,0.0,1.0,3.0,6.0,2,0,0,0
2892012,FT,2.0,3.0,0.0,0.0,0.0,0.0,0,0,0,0
2892035,FT,0.0,1.0,0.0,0.0,0.0,0.0,0,0,0,0
2892007,FT,2.0,0.0,2.0,0.0,0.0,0.0,0,0,0,0
2892022,FT,2.0,1.0,0.0,0.0,0.0,0.0,0,0,0,0
2892031,FT,4.0,0.0,3.0,0.0,1.0,2.0,0,1,0,1
2892020,FT,2.0,1.0,0.0,0.0,0.0,0.0,0,0,0,0
2892021,FT,0.0,1.0,0.0,0.0,0.0,0.0,0,0,0,0
2892062,FT,1.0,0.0,1.0,0.0,0.0,0.0,0,0,0,0
2892078,FT,0.0,1.0,0.0,1.0,0.0,0.0,0,0,0,0
2892048,FT,1.0,0.0,1.0,0.0,0.0,0.0,0,0,0,0
2892059,FT,1.0,5.0,1.0,1.0,0.0,0.0,0,0,0,0
2892002,FT,0.0,0.0,0.0,0.0,0.0,0.0,0,0,0,0
2892065,FT,2.0,3.0,0.0,1.0,0.0,0.0,0,0,0,0
2892047,FT,1.0,1.0,1.0,0.0,0.0,0.0,0,0,0,0
2892079,FT,1.0,0.0,0.0,0.0,0.0,9.0,3,0,0,0
2892005,FT,3.0,0.0,1.0,0.0,0.0,0.0,0,0,0,0
2892053,FT,1.0,1.0,1.0,0.0,6.0,2.0,0,2,0,0
2892004,FT,0.0,1.0,0.0,0.0,9.0,2.0,2,2,0,0
2892046,FT,0.0,4.0,0.0,0.0,4.0,2.0,4,4,0,0
2892075,FT,2.0,0.0,1.0,0.0,4.0,3.0,1,3,0,0
2892073,FT,2.0,1.0,1.0,0.0,6.0,6.0,4,1,0,1
2892076,FT,3.0,1.0,1.0,0.0,0.0,0.0,0,0,0,0
2892077,FT,3.0,2.0,1.0,1.0,0.0,0.0,0,0,0,0
2892054,FT,0.0,1.0,0.0,0.0,1.0,4.0,3,1,0,0
2892063,FT,1.0,1.0,0.0,1.0,0.0,0.0,0,0,0,0
2892049,FT,0.0,0.0,0.0,0.0,0.0,0.0,0,0,0,0
2844943,FT,3.0,0.0,1.0,0.0,0.0,0.0,1,0,0,0
2844945,FT,1.0,1.0,0.0,0.0,0.0,0.0,0,0,0,0
2844942,FT,2.0,1.0,0.0,0.0,14.0,2.0,2,3,0,2
2835007,FT,1.0,3.0,0.0,3.0,3.0,4.0,5,5,0,0
2835004,FT,1.0,1.0,1.0,0.0,2.0,4.0,0,1,0,0
2835009,FT,2.0,1.0,1.0,0.0,0.0,0.0,0,0,0,0
2835002,2nd Half,1.0,2.0,1.0,2.0,4.0,1.0,0,2,0,0
2869008,FT,0.0,1.0,0.0,0.0,2.0,1.0,4,3,0,0
2869007,FT,3.0,2.0,0.0,1.0,5.0,5.0,3,1,0,0
2869011,FT,1.0,6.0,1.0,1.0,1.0,14.0,0,0,0,0
2869009,FT,4.0,3.0,0.0,3.0,10.0,3.0,1,2,0,0
2869010,FT,1.0,1.0,0.0,0.0,5.0,8.0,1,4,0,0
2869012,FT,1.0,2.0,0.0,1.0,4.0,3.0,2,4,0,0
2869013,FT,1.0,2.0,1.0,1.0,3.0,2.0,2,1,0,0
2869014,FT,0.0,4.0,0.0,2.0,8.0,4.0,0,0,0,0
2891999,FT,1.0,3.0,1.0,2.0,0.0,0.0,0,0,0,0
2892000,,,,,,,,0,0,0,0
2892762,,,,,,,,0,0,0,0
2892507,,,,,,,,0,0,0,0
2893838,2nd Half,1.0,3.0,1.0,1.0,3.0,2.0,1,3,0,0
2893839,Pend.,,,,,,,0,0,0,0
2893836,Pend.,,,,,,,0,0,0,0
2893822,1st Half,1.0,0.0,,,,,0,1,0,0
2893837,,,,,,,,0,0,0,0
2891969,FT,3.0,0.0,0.0,0.0,2.0,7.0,3,2,0,0
2891970,FT,0.0,1.0,0.0,1.0,6.0,2.0,1,2,0,0
2891979,FT,0.0,0.0,0.0,0.0,3.0,6.0,2,1,0,0
2891973,FT,0.0,1.0,0.0,0.0,5.0,3.0,4,3,2,0
2891957,FT,1.0,3.0,1.0,3.0,5.0,3.0,4,3,0,0
2891975,FT,1.0,2.0,0.0,1.0,4.0,3.0,3,3,1,0
2891961,FT,0.0,1.0,0.0,0.0,4.0,3.0,1,1,0,0
2891955,FT,1.0,0.0,0.0,0.0,6.0,5.0,3,3,0,1
2892182,FT,3.0,0.0,2.0,0.0,2.0,4.0,3,2,0,0
2891962,FT,2.0,1.0,0.0,0.0,7.0,0.0,3,5,0,0
2891956,FT,2.0,0.0,0.0,0.0,4.0,9.0,3,4,0,1
2891974,FT,4.0,0.0,3.0,0.0,3.0,3.0,0,3,0,0
2891976,FT,1.0,0.0,1.0,0.0,3.0,2.0,2,4,0,1
2891972,FT,2.0,0.0,0.0,0.0,4.0,11.0,1,2,0,1
2891977,FT,1.0,2.0,0.0,2.0,8.0,6.0,3,5,0,0
2891963,FT,0.0,0.0,0.0,0.0,2.0,8.0,0,0,0,0
2891958,FT,2.0,0.0,1.0,0.0,6.0,3.0,1,2,0,0
2891978,FT,2.0,1.0,1.0,0.0,7.0,6.0,1,2,0,0
2891954,FT,0.0,1.0,0.0,0.0,7.0,3.0,2,3,0,0
2891952,FT,3.0,3.0,2.0,2.0,5.0,4.0,3,2,0,0
2891960,FT,0.0,1.0,0.0,0.0,4.0,3.0,6,2,1,0
2891959,FT,0.0,0.0,0.0,0.0,3.0,2.0,4,4,0,0
2891971,FT,0.0,0.0,0.0,0.0,11.0,3.0,0,4,0,0
2891980,FT,1.0,0.0,0.0,0.0,5.0,1.0,2,3,0,0
2891953,FT,1.0,0.0,0.0,0.0,2.0,8.0,2,3,0,2
2891655,FT,2.0,0.0,2.0,0.0,0.0,0.0,0,0,0,0
2891656,FT,5.0,0.0,2.0,0.0,6.0,8.0,2,0,0,0
2891652,FT,3.0,4.0,2.0,1.0,4.0,6.0,3,4,0,0
2847638,FT,1.0,2.0,0.0,1.0,2.0,3.0,2,3,0,0
2847640,FT,3.0,1.0,2.0,1.0,0.0,0.0,0,0,0,0
2847639,FT,2.0,3.0,0.0,1.0,0.0,0.0,0,0,0,0
2847641,FT,2.0,2.0,2.0,0.0,0.0,0.0,0,0,0,0
2847642,FT,2.0,2.0,1.0,1.0,7.0,6.0,1,5,0,0
2894003,FT,1.0,1.0,1.0,1.0,9.0,2.0,4,3,0,0
2894024,,,,,,,,0,0,0,0
2889371,FT,3.0,1.0,1.0,1.0,3.0,4.0,2,0,0,0
2889373,FT,4.0,3.0,2.0,2.0,9.0,5.0,4,3,0,0
2893892,FT,0.0,0.0,0.0,0.0,5.0,6.0,1,1,0,0
2893880,FT,0.0,1.0,0.0,0.0,7.0,1.0,0,1,0,0
2893879,FT,3.0,0.0,1.0,0.0,16.0,1.0,0,1,0,0
2893878,FT,4.0,2.0,1.0,2.0,7.0,7.0,2,3,0,0
2893950,FT,1.0,1.0,1.0,1.0,10.0,3.0,1,3,0,0
2893881,FT,1.0,0.0,0.0,0.0,6.0,3.0,1,1,0,0
2894000,1st Half,0.0,0.0,,,,,0,2,0,0
2894001,1st Half,0.0,0.0,,,,,0,0,0,0
2894002,,,,,,,,0,0,0,0
2894004,,,,,,,,0,0,0,0
2893983,1st Half,1.0,0.0,,,1.0,2.0,1,1,0,0
2893982,1st Half,0.0,0.0,,,1.0,1.0,0,0,0,0
2893981,1st Half,0.0,0.0,,,,,0,0,0,0
2845475,FT,5.0,0.0,4.0,0.0,4.0,4.0,1,3,0,0
2845474,FT,2.0,2.0,1.0,1.0,8.0,2.0,4,3,0,0
2845476,FT,3.0,4.0,2.0,1.0,5.0,4.0,1,1,0,0
2893761,FT,4.0,0.0,2.0,0.0,9.0,0.0,0,1,0,0
2893969,FT,3.0,0.0,1.0,0.0,9.0,3.0,0,0,0,0
2893759,FT,5.0,1.0,2.0,0.0,13.0,2.0,2,3,0,1
2893771,FT,3.0,1.0,2.0,0.0,4.0,5.0,0,3,0,1
2893765,FT,1.0,0.0,0.0,0.0,8.0,6.0,3,4,0,0
2893756,FT,1.0,2.0,1.0,0.0,8.0,6.0,1,1,0,0
2893757,FT,1.0,0.0,0.0,0.0,1.0,5.0,4,1,0,0
2893763,FT,3.0,2.0,1.0,0.0,1.0,5.0,2,3,0,1
2893766,FT,1.0,2.0,0.0,1.0,2.0,4.0,3,1,0,0
2893760,FT,3.0,0.0,0.0,0.0,2.0,5.0,3,1,0,1
2893767,FT,0.0,5.0,0.0,1.0,2.0,5.0,1,2,0,0
2893774,FT,1.0,1.0,1.0,1.0,1.0,4.0,2,2,0,0
2893758,FT,3.0,2.0,2.0,1.0,4.0,4.0,5,2,1,1
2893762,FT,3.0,0.0,0.0,0.0,11.0,1.0,1,1,0,0
2893772,2nd Half,1.0,4.0,1.0,1.0,6.0,5.0,1,4,0,0
2893802,2nd Half,4.0,1.0,4.0,1.0,2.0,1.0,1,2,0,0
2893764,1st Half,1.0,1.0,,,,,0,0,0,0
2893915,,,,,,,,0,0,0,0
2893921,,,,,,,,0,0,0,0
2893894,FT,0.0,3.0,0.0,0.0,3.0,7.0,1,1,0,0
2893895,FT,6.0,2.0,5.0,1.0,3.0,2.0,1,1,0,0
2893872,FT,6.0,1.0,4.0,0.0,5.0,3.0,1,3,0,1
2893939,Pend.,,,,,,,0,0,0,0
2892588,FT,2.0,0.0,1.0,0.0,6.0,4.0,2,1,0,0
2893263,FT,0.0,1.0,0.0,1.0,0.0,0.0,0,0,0,0
2893874,,,,,,,,0,0,0,0
2894027,Pend.,,,,,,,0,0,0,0
2893975,FT,2.0,1.0,0.0,1.0,8.0,5.0,3,2,0,0
2893812,FT,4.0,0.0,2.0,0.0,10.0,2.0,1,3,0,0
2877521,FT,1.0,3.0,0.0,0.0,2.0,4.0,2,1,0,0
2877522,FT,1.0,1.0,0.0,0.0,4.0,6.0,2,1,0,0
2893987,1st Half,0.0,0.0,,,,,0,0,0,0
2893926,FT,1.0,0.0,0.0,0.0,0.0,0.0,0,0,0,0
2893928,FT,2.0,0.0,1.0,0.0,0.0,0.0,0,0,0,0
2892098,,,,,,,,0,0,0,0
2893979,1st Half,1.0,0.0,,,2.0,1.0,1,0,0,0
2893988,1st Half,0.0,0.0,,,,,0,1,0,0
2893743,FT,2.0,3.0,0.0,2.0,4.0,1.0,2,0,0,0
2893744,FT,1.0,1.0,1.0,0.0,5.0,4.0,2,1,0,0
2893022,FT,0.0,0.0,0.0,0.0,7.0,4.0,3,2,0,0
2893671,FT,1.0,1.0,0.0,1.0,2.0,5.0,2,0,0,0
2893906,FT,11.0,1.0,4.0,0.0,4.0,1.0,6,3,0,0
2893820,FT,1.0,2.0,1.0,0.0,5.0,13.0,3,1,0,0
2892279,1st Half,0.0,0.0,,,,,0,0,0,0
2892959,,,,,,,,0,0,0,0
2893974,,,,,,,,0,0,0,0
2893745,FT,3.0,3.0,2.0,2.0,7.0,1.0,4,3,1,0
2893749,FT,1.0,2.0,1.0,0.0,3.0,6.0,3,2,0,0
2893991,1st Half,0.0,1.0,,,1.0,2.0,1,0,0,0
2893863,FT,2.0,2.0,1.0,0.0,5.0,5.0,4,2,0,0
2893862,FT,3.0,1.0,2.0,0.0,2.0,5.0,2,3,0,0
2893985,1st Half,0.0,0.0,,,,,0,0,0,0
2884027,FT,0.0,0.0,0.0,0.0,2.0,5.0,1,3,0,0
2884026,FT,0.0,0.0,0.0,0.0,2.0,3.0,2,0,0,0
2893479,FT,3.0,2.0,2.0,0.0,2.0,5.0,1,1,0,0
2893807,FT,0.0,1.0,0.0,0.0,7.0,1.0,3,2,1,0
2893855,FT,0.0,2.0,0.0,0.0,4.0,7.0,4,1,0,0
2893973,FT,5.0,1.0,2.0,0.0,6.0,2.0,2,4,0,0
2893845,FT,1.0,3.0,1.0,2.0,7.0,3.0,3,3,0,0
2893908,FT,3.0,1.0,2.0,1.0,5.0,3.0,1,0,0,0
2893848,FT,1.0,0.0,0.0,0.0,8.0,6.0,4,5,0,2
2893847,FT,5.0,1.0,2.0,0.0,6.0,5.0,6,4,0,1
2893910,FT,4.0,1.0,2.0,0.0,6.0,6.0,2,3,0,0
2893846,FT,1.0,2.0,0.0,1.0,10.0,5.0,1,2,0,1
2893980,FT,3.0,3.0,1.0,0.0,3.0,1.0,3,3,0,0
2894006,FT,1.0,0.0,0.0,0.0,4.0,5.0,2,5,0,1
2893853,2nd Half,0.0,2.0,0.0,2.0,3.0,4.0,2,2,0,1
2893854,HT,0.0,2.0,0.0,2.0,1.0,4.0,0,0,0,0
2893856,HT,0.0,1.0,0.0,1.0,0.0,3.0,0,0,0,0
2893909,HT,0.0,1.0,0.0,1.0,5.0,1.0,2,1,0,0
2893907,HT,0.0,1.0,0.0,1.0,3.0,0.0,0,1,0,0
2893727,FT,2.0,1.0,0.0,1.0,1.0,6.0,2,5,0,0
2893811,FT,2.0,1.0,1.0,0.0,6.0,5.0,0,0,0,0
2893809,FT,1.0,1.0,1.0,1.0,4.0,1.0,4,2,0,0
2893818,FT,1.0,1.0,0.0,1.0,4.0,5.0,2,1,0,0
2894005,1st Half,0.0,0.0,,,1.0,2.0,1,2,0,0
2892087,FT,1.0,1.0,1.0,0.0,2.0,1.0,1,1,0,0
2894022,1st Half,1.0,0.0,,,,,0,0,0,0
2893824,Pend.,,,,,,,0,0,0,0
2894021,2nd Half,0.0,2.0,0.0,2.0,5.0,2.0,3,3,1,0
2893891,1st Half,0.0,0.0,,,6.0,1.0,0,1,0,0
2893176,,,,,,,,0,0,0,0
2893934,FT,2.0,2.0,0.0,1.0,3.0,9.0,0,0,0,0
2893933,FT,0.0,0.0,0.0,0.0,3.0,2.0,0,2,0,0
2893932,FT,2.0,0.0,0.0,0.0,5.0,5.0,1,0,0,0
2893816,FT,2.0,1.0,1.0,1.0,7.0,5.0,0,3,0,0
2893768,FT,2.0,2.0,1.0,0.0,6.0,4.0,0,0,0,0
2893741,FT,2.0,3.0,0.0,3.0,5.0,8.0,2,4,0,0
2893986,1st Half,1.0,1.0,,,,,1,0,0,0
2893949,FT,2.0,1.0,0.0,1.0,9.0,4.0,4,1,0,0
2894028,,,,,,,,0,0,0,0
2858446,,,,,,,,0,0,0,0
2858447,,,,,,,,0,0,0,0
2858445,,,,,,,,0,0,0,0
2866707,FT,2.0,1.0,0.0,0.0,4.0,5.0,2,1,0,0
2866708,FT,0.0,3.0,0.0,1.0,2.0,2.0,1,2,0,0
2866709,FT,1.0,1.0,0.0,1.0,10.0,1.0,3,0,0,0
2866710,FT,0.0,4.0,0.0,1.0,1.0,9.0,2,0,0,0
2866712,FT,0.0,0.0,0.0,0.0,6.0,7.0,2,0,0,0
2866711,FT,1.0,0.0,0.0,0.0,6.0,7.0,0,0,0,0
2866713,FT,0.0,6.0,0.0,2.0,5.0,5.0,0,1,0,0
2892953,FT,1.0,1.0,1.0,1.0,0.0,0.0,0,0,0,0
2893919,FT,4.0,0.0,0.0,0.0,0.0,0.0,0,0,0,0
2892952,FT,1.0,3.0,0.0,1.0,5.0,4.0,0,0,0,0
2893305,FT,3.0,1.0,1.0,1.0,0.0,0.0,0,0,0,0
2892955,FT,2.0,1.0,1.0,0.0,0.0,0.0,0,0,0,0
2892956,FT,3.0,0.0,1.0,0.0,0.0,0.0,0,0,0,0
2893302,FT,2.0,1.0,1.0,1.0,0.0,0.0,0,0,0,0
2893306,FT,1.0,6.0,1.0,1.0,0.0,0.0,0,0,0,0
2893304,,,,,,,,0,0,0,0
2892957,,,,,,,,0,0,0,0
2893303,,,,,,,,0,0,0,0
2893308,,,,,,,,0,0,0,0
2883343,,,,,,,,0,0,0,0
2883344,,,,,,,,0,0,0,0
2883345,,,,,,,,0,0,0,0
2868348,FT,1.0,1.0,0.0,0.0,10.0,3.0,1,3,0,0
2875474,FT,0.0,1.0,0.0,0.0,6.0,10.0,1,3,0,0
2875475,FT,0.0,0.0,0.0,0.0,2.0,2.0,0,2,0,0
2874418,FT,2.0,6.0,0.0,2.0,0.0,0.0,0,0,0,0
2874417,FT,0.0,1.0,0.0,1.0,8.0,2.0,2,3,0,0
2874416,FT,0.0,0.0,0.0,0.0,5.0,5.0,3,5,0,1
2874413,FT,2.0,1.0,1.0,0.0,7.0,5.0,2,1,0,0
2874414,FT,1.0,2.0,1.0,0.0,0.0,0.0,0,0,0,0
2874415,FT,1.0,0.0,1.0,0.0,0.0,0.0,0,0,0,0
2874412,FT,2.0,1.0,0.0,0.0,6.0,4.0,1,4,0,0
2892781,FT,2.0,2.0,2.0,1.0,10.0,0.0,1,3,0,0
2892782,FT,2.0,0.0,1.0,0.0,9.0,5.0,2,0,0,0
2870209,FT,1.0,1.0,0.0,1.0,0.0,0.0,1,5,0,0
2870204,FT,2.0,0.0,2.0,0.0,7.0,7.0,1,0,0,0
2870206,FT,3.0,2.0,2.0,1.0,5.0,4.0,3,3,1,0
2870205,FT,1.0,0.0,0.0,0.0,4.0,9.0,1,3,0,0
2870203,FT,2.0,2.0,1.0,0.0,10.0,1.0,1,4,0,0
2870207,FT,2.0,0.0,0.0,0.0,0.0,0.0,0,0,0,0
2892160,FT,2.0,1.0,0.0,0.0,0.0,0.0,0,0,0,0
2855153,FT,1.0,1.0,1.0,0.0,0.0,0.0,0,0,0,0
2855335,FT,3.0,0.0,1.0,0.0,3.0,3.0,2,2,0,1
2705749,FT,1.0,4.0,1.0,2.0,0.0,0.0,0,0,0,0
2706109,FT,4.0,1.0,3.0,1.0,3.0,6.0,2,0,0,0
2705569,FT,0.0,3.0,0.0,1.0,3.0,8.0,0,0,0,0
2706111,FT,5.0,0.0,4.0,0.0,7.0,5.0,1,1,0,0
2706112,FT,2.0,0.0,0.0,0.0,0.0,6.0,2,2,0,0
2705931,FT,1.0,1.0,0.0,1.0,9.0,10.0,0,1,2,1
2705746,FT,7.0,1.0,3.0,1.0,0.0,0.0,0,0,0,0
2706110,FT,3.0,4.0,1.0,3.0,0.0,0.0,0,0,0,1
2705384,FT,2.0,1.0,1.0,1.0,0.0,0.0,0,0,0,0
2706114,FT,1.0,0.0,0.0,0.0,8.0,2.0,1,2,0,0
2705750,FT,4.0,3.0,1.0,0.0,2.0,3.0,1,2,0,1
2705201,FT,1.0,1.0,1.0,1.0,0.0,0.0,0,0,0,0
2705382,FT,2.0,2.0,1.0,2.0,2.0,7.0,2,0,0,0
2705748,FT,1.0,3.0,0.0,2.0,0.0,0.0,0,0,0,0
2705203,FT,0.0,4.0,0.0,1.0,0.0,0.0,0,0,0,0
2705565,FT,4.0,2.0,1.0,1.0,0.0,0.0,1,0,1,0
2705930,FT,1.0,1.0,0.0,0.0,0.0,0.0,0,0,0,0
2705747,FT,3.0,1.0,2.0,1.0,0.0,0.0,0,0,0,0
2705568,FT,7.0,1.0,5.0,0.0,0.0,0.0,0,0,0,0
2705563,FT,1.0,3.0,0.0,2.0,0.0,0.0,0,0,0,0
2705385,FT,1.0,3.0,0.0,1.0,0.0,0.0,1,0,1,1
2705567,FT,3.0,1.0,2.0,0.0,0.0,0.0,0,0,0,0
2705200,FT,4.0,2.0,3.0,2.0,4.0,8.0,2,2,0,0
2705386,FT,3.0,0.0,2.0,0.0,4.0,4.0,1,1,0,0
2705199,FT,7.0,1.0,2.0,1.0,0.0,0.0,0,0,0,0
2705929,FT,5.0,1.0,2.0,0.0,0.0,0.0,0,0,0,0
2705928,FT,3.0,4.0,2.0,1.0,1.0,5.0,0,1,0,0
2706113,FT,2.0,1.0,0.0,1.0,4.0,2.0,4,2,0,0
2705751,FT,1.0,2.0,0.0,0.0,0.0,0.0,1,0,1,0
2705564,FT,1.0,3.0,1.0,2.0,0.0,0.0,0,0,0,0
2705387,FT,5.0,1.0,2.0,0.0,0.0,0.0,0,0,0,0
2705933,FT,8.0,1.0,6.0,0.0,10.0,0.0,1,2,0,0
2705745,FT,2.0,1.0,1.0,1.0,0.0,0.0,0,0,0,1
2705932,FT,3.0,4.0,2.0,3.0,6.0,5.0,1,5,0,0
2705381,FT,3.0,2.0,0.0,1.0,6.0,1.0,3,1,0,0
2705566,FT,5.0,0.0,2.0,0.0,2.0,2.0,0,0,0,0
2705202,FT,9.0,3.0,5.0,2.0,6.0,1.0,1,3,0,0
2705204,FT,4.0,1.0,2.0,1.0,0.0,0.0,0,0,0,0
2705927,FT,5.0,3.0,3.0,1.0,0.0,0.0,0,0,0,0
2705205,FT,1.0,0.0,1.0,0.0,0.0,0.0,0,1,0,1
2706115,FT,6.0,1.0,5.0,1.0,6.0,6.0,2,0,0,0
2812385,FT,3.0,4.0,1.0,3.0,0.0,0.0,0,0,0,0
2812145,FT,2.0,0.0,0.0,0.0,1.0,5.0,1,1,0,0
2812138,FT,1.0,2.0,1.0,0.0,0.0,0.0,0,0,1,0
2812802,FT,1.0,0.0,0.0,0.0,10.0,8.0,3,1,0,0
2812653,FT,1.0,0.0,1.0,0.0,0.0,0.0,0,0,0,0
2796394,FT,2.0,3.0,1.0,1.0,0.0,0.0,0,0,0,0
2803198,FT,4.0,0.0,0.0,0.0,0.0,0.0,0,0,0,0
2836593,Pend.,,,,,,,0,0,0,0
2893734,FT,2.0,3.0,1.0,1.0,2.0,5.0,3,1,0,0
2891998,,,,,,,,0,0,0,0
2893901,FT,2.0,1.0,2.0,0.0,1.0,5.0,5,2,0,0
2893740,FT,6.0,2.0,3.0,0.0,3.0,8.0,4,0,0,0
2893916,FT,2.0,1.0,2.0,0.0,1.0,11.0,2,1,0,0
2893806,FT,1.0,2.0,1.0,1.0,7.0,7.0,3,3,0,0
2893882,FT,1.0,1.0,0.0,1.0,14.0,1.0,1,1,0,0
2893850,,,,,,,,0,0,0,0
2891078,FT,0.0,4.0,0.0,0.0,1.0,12.0,0,2,0,0
2892897,,,,,,,,0,0,0,0
2892892,,,,,,,,0,0,0,0
2892891,,,,,,,,0,0,0,0
2893893,Pend.,,,,,,,0,0,0,0
2893966,Pend.,,,,,,,0,0,0,0
2893967,,,,,,,,0,0,0,0
2893968,,,,,,,,0,0,0,0
2893835,FT,2.0,1.0,1.0,0.0,8.0,4.0,0,3,0,0
2894026,FT,6.0,1.0,2.0,0.0,8.0,1.0,2,1,1,1
2893728,FT,1.0,0.0,0.0,0.0,4.0,4.0,1,0,0,0
2892958,FT,4.0,0.0,1.0,0.0,5.0,3.0,0,0,0,0
2893883,FT,2.0,0.0,1.0,0.0,6.0,5.0,2,1,0,0
2893898,2nd Half,0.0,0.0,0.0,0.0,3.0,4.0,1,1,0,0
2893896,Pend.,,,,,,,0,0,0,0
2893897,Pend.,,,,,,,0,0,0,0
2892940,FT,2.0,1.0,1.0,0.0,4.0,1.0,0,2,0,0
2823490,FT,2.0,1.0,1.0,0.0,2.0,5.0,2,3,0,0
2823616,FT,1.0,1.0,1.0,0.0,0.0,0.0,0,0,0,0
2823667,FT,2.0,0.0,1.0,0.0,0.0,0.0,0,0,0,0
2823668,FT,2.0,1.0,1.0,1.0,0.0,0.0,0,0,0,0
2823533,FT,2.0,4.0,1.0,2.0,0.0,0.0,0,0,0,0
2823576,FT,1.0,2.0,0.0,1.0,0.0,0.0,0,0,0,0
2861269,FT,1.0,2.0,0.0,2.0,6.0,2.0,3,2,0,0
2861262,FT,3.0,0.0,2.0,0.0,3.0,2.0,0,1,0,0
2861268,FT,1.0,1.0,0.0,0.0,8.0,8.0,1,3,0,1
2861263,FT,3.0,1.0,2.0,1.0,1.0,4.0,0,1,0,0
2893866,FT,3.0,1.0,1.0,1.0,8.0,2.0,3,3,0,1
2893864,HT,1.0,1.0,1.0,1.0,1.0,1.0,1,1,0,0
2893865,HT,0.0,0.0,0.0,0.0,2.0,4.0,0,0,0,0
2893887,FT,3.0,0.0,0.0,0.0,9.0,4.0,1,0,0,0
2893738,FT,0.0,4.0,0.0,2.0,1.0,7.0,0,1,0,0
2894023,2nd Half,0.0,1.0,0.0,1.0,8.0,2.0,1,2,0,0
2894025,,,,,,,,0,0,0,0
2893931,1st Half,1.0,0.0,,,,,0,0,0,0
2894020,,,,,,,,0,0,0,0
2893870,,,,,,,,0,0,0,0
2758596,FT,0.0,0.0,0.0,0.0,7.0,2.0,2,1,0,0
2758599,FT,4.0,0.0,2.0,0.0,2.0,5.0,2,2,0,0
2758598,FT,1.0,1.0,0.0,1.0,12.0,4.0,0,5,0,1
2758593,FT,1.0,1.0,1.0,0.0,6.0,3.0,2,2,0,0
2758597,FT,0.0,0.0,0.0,0.0,0.0,0.0,4,3,0,0
2758829,FT,2.0,0.0,0.0,0.0,6.0,3.0,3,4,0,0
2758595,FT,3.0,0.0,0.0,0.0,4.0,4.0,2,1,0,0
2758594,FT,1.0,1.0,1.0,0.0,6.0,4.0,4,2,0,0
2876711,FT,1.0,0.0,1.0,0.0,2.0,14.0,3,3,0,0
2891981,FT,2.0,1.0,2.0,0.0,6.0,8.0,2,3,1,0
2891587,FT,1.0,1.0,1.0,1.0,5.0,3.0,2,0,0,0
2891982,2nd Half,1.0,0.0,1.0,0.0,2.0,2.0,1,0,0,0
2893927,FT,2.0,0.0,0.0,0.0,0.0,0.0,0,0,0,0
2893905,FT,2.0,0.0,1.0,0.0,5.0,6.0,3,2,0,0
2893904,FT,1.0,0.0,0.0,0.0,7.0,0.0,2,3,0,0
2893914,FT,2.0,3.0,2.0,1.0,3.0,4.0,2,1,0,0
2893828,FT,1.0,1.0,1.0,0.0,4.0,8.0,2,3,0,0
2893902,FT,2.0,0.0,0.0,0.0,7.0,5.0,2,3,0,0
2893989,1st Half,1.0,0.0,,,,,0,0,0,0
2876903,FT,1.0,0.0,0.0,0.0,3.0,9.0,3,2,0,0
2876891,FT,2.0,1.0,1.0,1.0,5.0,5.0,3,2,0,0
2893930,FT,4.0,0.0,2.0,0.0,0.0,0.0,0,0,0,0
2893929,FT,0.0,0.0,0.0,0.0,0.0,0.0,0,0,0,0
2893990,1st Half,0.0,0.0,,,,,0,0,0,0
2893984,,,,,,,,0,0,0,0
2893943,,,,,,,,0,0,0,0
2893942,,,,,,,,0,0,0,0
2893941,,,,,,,,0,0,0,0
2893944,,,,,,,,0,0,0,0
